X,Y,OBJECTID,advisorySpeed,areaUnitID,bicycle,bridge,bus,carStationWagon,cliffBank,crashDirectionDescription,crashFinancialYear,crashLocation1,crashLocation2,crashRoadSideRoad,crashSeverity,crashSHDescription,crashYear,debris,directionRoleDescription,ditch,fatalCount,fence,flatHill,guardRail,holiday,houseOrBuilding,intersection,kerb,light,meshblockId,minorInjuryCount,moped,motorcycle,NumberOfLanes,objectThrownOrDropped,otherObject,otherVehicleType,overBank,parkedVehicle,pedestrian,phoneBoxEtc,postOrPole,region,roadCharacter,roadLane,roadSurface,roadworks,schoolBus,seriousInjuryCount,slipOrFlood,speedLimit,strayAnimal,streetLight,suv,taxi,temporarySpeedLimit,tlaId,tlaName,trafficControl,trafficIsland,trafficSign,train,tree,truck,unknownVehicleType,urban,vanOrUtility,vehicle,waterRiver,weatherA,weatherB;;;;;;;;;;
1765690,5901418,1,,524604,0,,0,1,,East,2010,BROWNS ROAD,ROSCOMMON ROAD,,Non-Injury Crash,No,2010,,East,,0,,Flat,,,,,,Overcast,781302,0,0,0,2,,,0,,,,,,Auckland Region,Nil,2-way,Sealed,,0,0,,50,,Off,0,0,,76,Auckland,Nil,,,,,0,0,Urban,1,,,Fine,Null;;;;;;;;;;
1768108,5904089,2,,523820,0,0,0,1,0,South,2003,SH 1N,MANUKAU OFF SBD,,Non-Injury Crash,Yes,2002,0,South,0,0,0,Flat,1,,0,,0,Dark,759901,0,0,0,3,0,0,0,0,0,,0,0,Auckland Region,Nil,1-way,Sealed,0,0,0,0,100,0,On,0,0,,76,Auckland,Nil,0,0,0,1,0,0,Open,0,0,0,Heavy rain,Null;;;;;;;;;;
1931180,5604952,3,,548000,0,0,0,1,0,East,2009,CAMBRIDGE ST,JERVOIS ST,,Minor Crash,No,2008,0,East,0,0,0,Flat,0,,0,,0,Twilight,1497700,1,0,0,2,0,0,0,0,1,,0,0,Hawke's Bay Region,Nil,2-way,Sealed,0,0,0,0,50,0,None,0,0,,30,Hastings District,Nil,0,0,0,0,0,0,Urban,1,0,0,Fine,Null;;;;;;;;;;
1553973,5171102,4,,597512,0,,0,1,,Null,2014,SELWYN ROAD,WEEDONS ROAD,,Non-Injury Crash,No,2014,,North,,0,,Flat,,,,,,Bright sun,2719902,0,0,0,2,,,0,,,,,,Canterbury Region,Nil,2-way,Sealed,,0,0,,100,,Null,0,0,,62,Selwyn District,Stop,,,,,1,0,Open,0,,,Fine,Null;;;;;;;;;;
1843276,5597186,5,,559220,0,,0,2,,Null,2006,SH 1N,UTIKU SOUTH ROAD,,Non-Injury Crash,Yes,2005,,South,,0,,Flat,,,,,,Bright sun,1746400,0,0,0,2,,,0,,,,,,Manawatu-Wanganui Region,Nil,2-way,Sealed,,0,0,,100,,Null,0,0,,38,Rangitikei District,Nil,,,,,0,0,Open,0,,,Fine,Null;;;;;;;;;;
1748762,5428648,6,,573000,0,0,1,0,0,North,2009,LAMBTON QUAY,BALLANCE ST,,Non-Injury Crash,No,2008,0,North,0,0,0,Flat,0,,0,,0,Overcast,2124200,0,0,0,4,0,0,0,0,1,,0,0,Wellington Region,Nil,2-way,Sealed,0,0,0,0,50,0,Null,0,0,,47,Wellington City,Give way,0,0,0,0,0,0,Urban,1,0,0,Light rain,Null;;;;;;;;;;
1789525,5754897,7,,532000,0,,0,2,,Null,2005,NGARONGO ST,ESPLANADE,,Non-Injury Crash,No,2005,,North,,0,,Flat,,,,,,Twilight,1005800,0,0,0,2,,,0,,,,,,Waikato Region,Nil,2-way,Sealed,,0,0,,50,,On,0,0,,20,Waitomo District,Give way,,,,,0,0,Urban,0,,,Heavy rain,Null;;;;;;;;;;
1757597,5926275,8,,507900,0,,0,1,,East,2015,ESMONDE ROAD,BARRYS POINT ROAD,,Minor Crash,No,2014,,West,,0,,Flat,,,,,,Bright sun,304200,1,0,0,6,,,0,,,,,,Auckland Region,Nil,2-way,Sealed,,0,0,,60,,Null,1,0,,76,Auckland,Unknown,,,,,0,0,Urban,0,,,Fine,Null;;;;;;;;;;
1407309,4924074,9,,601603,0,0,0,1,0,North,2007,SH 1S,WATERMANS COTTAGE OBR,,Non-Injury Crash,Yes,2007,0,South,1,0,0,Hill Road,0,,0,,0,Dark,2863400,0,0,0,2,0,0,0,0,0,,0,0,Otago Region,Nil,2-way,Sealed,0,0,0,0,100,0,None,0,0,,71,Dunedin City,Unknown,0,0,0,0,0,0,Open,0,0,0,Mist or Fog,Null;;;;;;;;;;1806227,5428550,670998,,579803,0,0,0,1,0,South,2012,WHITE ROCK ROAD,LAKE FERRY ROAD,,Minor Crash,No,2012,0,North,1,0,0,Flat,0,,0,,0,Bright sun,2276103,2,0,0,2,0,0,0,0,0,,0,0,Wellington Region,Nil,2-way,Sealed,0,0,0,0,100,0,Null,0,0,,50,South Wairarapa District,Nil,0,0,0,0,0,0,Open,0,0,0,Fine,Null
1652014,6073075,670999,,500802,0,0,0,0,1,West,2007,SH 12,PERAS ROAD,,Serious Crash,Yes,2007,0,East,1,0,0,Hill Road,0,,0,,0,Overcast,24400,2,0,0,2,0,0,0,0,0,,0,0,Northland Region,Nil,2-way,Sealed,0,0,2,0,100,0,None,0,0,,1,Far North District,Nil,0,0,0,0,0,0,Open,1,0,0,Light rain,Null;;;;;;;;;;
1745153,5921012,671000,,513632,0,,0,1,,West,2008,SH 16,LINCOLN OFF WBD,,Non-Injury Crash,Yes,2008,,West,,0,,Hill Road,,,,,,Overcast,228701,0,0,0,4,,,0,,,,,,Auckland Region,Nil,2-way,Sealed,,0,0,,100,,On,0,0,,76,Auckland,Nil,,,,,0,0,Open,1,,,Mist or Fog,Null;;;;;;;;;;
1408196,4916175,671001,,604620,0,0,0,1,0,North,2018,PORTOBELLO ROAD,BURNS POINT,,Non-Injury Crash,No,2017,0,West,0,0,0,Flat,0,,0,,0,Bright sun,2937800,0,0,0,2,0,0,0,0,0,,0,1,Otago Region,Nil,2-way,Sealed,0,0,0,0,50,0,Null,0,0,,71,Dunedin City,Unknown,0,0,0,0,0,0,Urban,0,0,0,Light rain,Null;;;;;;;;;;
1761152,5914337,671002,,520202,0,0,0,0,0,West,2006,GT SOUTH LINK,GREAT SOUTH ROAD,,Non-Injury Crash,Yes,2006,0,South,0,0,0,Flat,0,,0,,1,Overcast,612200,0,0,0,2,0,0,0,0,0,,0,0,Auckland Region,Motorway ramp,2-way,Sealed,0,0,0,0,50,0,Null,0,0,,76,Auckland,Unknown,0,1,0,0,1,0,Urban,0,0,0,Fine,Null;;;;;;;;;;
1885135,5772655,671003,,540600,0,,0,2,,Null,2006,FENTON ST,ROBERTSON ST,,Non-Injury Crash,No,2006,,South,,0,,Flat,,,,,,Dark,1243100,0,0,0,4,,,0,,,,,,Bay of Plenty Region,Nil,2-way,Sealed,,0,0,,60,,On,0,1,,24,Rotorua District,Give way,,,,,0,0,Urban,0,,,Fine,Null;;;;;;;;;;
1769401,5911428,671004,,523113,0,,0,2,,Null,2006,TI RAKAU DRIVE,GREENMOUNT DRIVE,,Non-Injury Crash,No,2005,,West,,0,,Flat,,,,,,Overcast,711703,0,0,0,6,,,0,,,,,,Auckland Region,Nil,2-way,Sealed,,0,0,,50,,Off,0,0,,76,Auckland,Traffic Signals,,,,,0,0,Urban,0,,,Fine,Null;;;;;;;;;;
1766906,5907864,671005,,523501,0,0,0,2,0,East,2014,HAYMAN ST,BAIRDS ROAD,,Non-Injury Crash,No,2014,0,West,0,0,0,Flat,0,,0,,0,Dark,700602,0,0,0,2,0,0,0,0,1,,0,0,Auckland Region,Nil,2-way,Sealed,0,0,0,0,50,0,On,0,0,,76,Auckland,Nil,0,0,0,0,0,0,Urban,0,0,0,Fine,Null;;;;;;;;;;
1757448,5918735,671006,,514302,0,,0,2,,South,2011,SH 1N,GRAFTON OBR,,Non-Injury Crash,Yes,2011,,North,,0,,Hill Road,,,,,,Dark,442500,0,0,0,3,,,0,,,,,,Auckland Region,Nil,1-way,Sealed,,0,0,,80,,On,0,0,,76,Auckland,Nil,,,,,0,0,Open,0,,,Fine,Null;;;;;;;;;;
1761366,5907048,671007,,524520,0,0,0,1,0,Null,2010,ROBERTSON ROAD,ASHLEY AVENUE,,Non-Injury Crash,No,2010,0,West,0,0,0,Flat,0,Easter,0,,0,Dark,735800,0,0,0,2,0,0,0,0,0,,0,1,Auckland Region,Nil,2-way,Sealed,0,0,0,0,50,0,On,0,0,,76,Auckland,Give way,0,0,0,0,0,0,Urban,0,0,0,Fine,Null;;;;;;;;;;
1756833,5918564,671008,,515600,0,,0,2,,West,2006,NEW NORTH ROAD,FLOWER ST,,Non-Injury Crash,No,2006,,West,,0,,Hill Road,,,,,,Unknown,421000,0,0,0,2,,,0,,,,,,Auckland Region,Nil,2-way,Sealed,,0,0,,50,,Off,0,0,,76,Auckland,Nil,,,,,0,0,Urban,0,,,Fine,Null;;;;;;;;;;
1822787,5527484,671009,,563102,0,,0,1,,Null,2017,FITZHERBERT AVENUE,FITZHERBERT BR,,Non-Injury Crash,No,2016,,South,,0,,Flat,,,,,,Bright sun,1813500,0,0,0,4,,,0,,,,,,Manawatu-Wanganui Region,Bridge,2-way,Sealed,,0,0,,50,,Null,0,0,,40,Palmerston North City,Unknown,,,,,1,0,Urban,0,,,Fine,Null;;;;;;;;;;
1998630,5736707,671010,,543601,0,0,0,1,1,South,2006,SH 2,RAKAUROA ROAD,,Non-Injury Crash,Yes,2005,0,South,0,0,0,Hill Road,0,,0,,0,Bright sun,1352200,0,0,0,2,0,0,0,0,0,,0,0,Gisborne Region,Nil,2-way,Sealed,0,0,0,0,100,0,Null,0,0,,28,Gisborne District,Nil,0,0,0,0,0,0,Open,0,0,0,Fine,Null;;;;;;;;;;
1767195,5900124,671011,,525101,0,,0,1,,East,2008,WEYMOUTH ROAD,MINTON PLACE,,Non-Injury Crash,No,2007,,West,,0,,Flat,,,,,,Bright sun,772903,0,0,0,2,,,0,,,,,,Auckland Region,Nil,2-way,Sealed,,0,0,,50,,Off,1,0,,76,Auckland,Nil,,,,,0,0,Urban,0,,,Fine,Null;;;;;;;;;;
1753164,5970552,671012,,506631,0,,0,1,,Null,2007,MAHURANGI EAST ROAD,SANDSPIT ROAD,,Non-Injury Crash,No,2007,,East,,0,,Flat,,,,,,Bright sun,139501,0,0,0,2,,,0,,,,,,Auckland Region,Nil,2-way,Sealed,,0,0,,100,,None,0,0,,76,Auckland,Give way,,,,,0,0,Open,1,,,Fine,Null;;;;;;;;;;
1840487,5664323,671013,,541501,0,0,0,1,0,South,2013,SH 1N,KAIMANAWA ROAD,,Non-Injury Crash,Yes,2012,0,South,0,0,0,Flat,0,,0,,0,Overcast,1288900,0,0,0,2,0,0,0,0,0,,0,0,Waikato Region,Nil,2-way,Sealed,0,0,0,0,100,0,Null,0,0,,21,Taupo District,Unknown,0,0,0,0,0,0,Open,0,0,0,Light rain,Null;;;;;;;;;;
1749571,5932877,671014,,509000,0,,0,1,,North,2013,PAREMOREMO ROAD,GODLEY LANE,,Minor Crash,No,2013,,South,,0,,Flat,,,,,,Dark,179303,1,0,0,2,,,0,,,,,,Auckland Region,Nil,2-way,Sealed,,0,0,,80,,None,0,0,,76,Auckland,Nil,,,,,0,0,Open,0,,,Fine,Null;;;;;;;;;;
1760789,5437447,671015,,568402,0,0,0,0,0,North,2001,Z RIVERBANK,HARCOURT WERRY/CONNOLLY,,Non-Injury Crash,No,2000,0,East,0,0,0,Flat,0,,0,,0,Twilight,1940700,0,0,0,0,0,0,0,0,0,,0,0,Wellington Region,Nil,Off road,Unsealed,0,0,0,0,50,0,None,0,0,,46,Lower Hutt City,Nil,0,0,0,0,0,0,Urban,1,0,1,Light rain,Null;;;;;;;;;;
1462316,5098332,671016,,598312,0,,0,0,,Null,2012,SH 1S,STATION ROAD,,Serious Crash,Yes,2011,,East,,0,,Flat,,,,,,Bright sun,2771601,0,0,0,2,,,0,,,,,,Canterbury Region,Nil,2-way,Sealed,,0,1,,80,,Null,1,0,,64,Timaru District,Stop,,,,,1,0,Open,0,,,Fine,Null;;;;;;;;;;
1752481,5918276,671017,,515002,0,0,0,1,0,North,2012,HUIA ROAD,GREAT NORTH ROAD,,Non-Injury Crash,No,2011,0,South,0,0,0,Flat,0,,0,,0,Overcast,396600,0,0,0,2,0,0,0,0,0,,0,0,Auckland Region,Nil,2-way,Sealed,0,0,0,0,50,0,Off,0,0,,76,Auckland,Nil,0,0,0,0,1,0,Urban,0,1,0,Fine,Null;;;;;;;;;;
"1881601.5788,5828911.1576,671018,,536810,0,,0,2,,Null,2020,""OCEANVIEW ROAD, MOUNT MAUNGANUI, TAURANGA CITY 3116"",SUTHERLAND AVENUE,,Non-Injury Crash,No,2019,,South,,0,,Flat,,,,,,Bright sun,1196300,0,0,0,2,,,0,,,,,,Bay of Plenty Region,Nil,2-way,Sealed,,0,0,,50,,Off,0,0,,23,Tauranga City,Stop,,,,,0,0,Urban,0,,,Fine,Null";;;;;;;;;;
1880964,5829397,671019,,536810,0,,0,2,,Null,2013,BANKS AVENUE,MAUNGANUI ROAD,,Non-Injury Crash,No,2012,,West,,0,,Flat,,,,,,Overcast,1195200,0,0,0,2,,,0,,,,,,Bay of Plenty Region,Nil,2-way,Sealed,,0,0,,50,,Null,0,0,,23,Tauranga City,Give way,,,,,0,0,Urban,0,,,Fine,Null;;;;;;;;;;
1244209,4845872,671020,,611800,0,0,0,1,0,South,2018,HYDE ST,STIRRAT ST,,Non-Injury Crash,No,2017,0,East,0,0,1,Flat,0,Labour Weekend,0,,0,Overcast,3152700,0,0,0,2,0,0,0,0,0,,0,0,Southland Region,Nil,2-way,Sealed,0,0,0,0,50,0,Null,0,0,,75,Invercargill City,Unknown,0,1,0,0,0,0,Urban,0,0,0,Light rain,Null;;;;;;;;;;
1208080,4882935,671021,,612740,0,0,0,1,0,East,2009,OTAUTAU-TUATAPERE ROAD,LOWER SCOTTS GAP ROAD,,Minor Crash,No,2009,0,East,0,0,1,Hill Road,0,,0,,0,Dark,3177700,1,0,0,2,0,0,0,1,0,,0,0,Southland Region,Nil,2-way,Sealed,0,0,0,0,100,0,None,0,0,,73,Southland District,Unknown,0,0,0,0,0,0,Open,0,0,0,Fine,Null;;;;;;;;;;
1800669.9219,5815756.2113,671022,,529700,0,,0,1,,West,2020,LONDON STREET,VICTORIA STREET,,Non-Injury Crash,No,2019,,West,,0,,Flat,,,,,,Overcast,910100,0,0,0,2,,,0,,,,,,Waikato Region,Nil,2-way,Sealed,,0,0,,60,,Off,0,0,,16,Hamilton City,Nil,,,,,0,1,Urban,0,,,Fine,Null;;;;;;;;;;
1789814,5840525,671023,,527401,1,0,0,1,0,West,2015,SEMPLE ST,FRASER ST,,Minor Crash,No,2015,0,East,0,0,0,Flat,0,,0,,0,Overcast,945200,1,0,0,2,0,0,0,0,0,,0,0,Waikato Region,Nil,2-way,Sealed,0,0,0,0,50,0,Null,0,0,,13,Waikato District,Unknown,0,0,0,0,0,0,Urban,0,1,0,Fine,Null;;;;;;;;;;
1787132,5490440,671024,,564021,0,0,0,1,0,South,2006,SH 1N,WAIKAWA BEACH ROAD,,Non-Injury Crash,Yes,2005,0,South,0,0,1,Flat,0,,0,,0,Twilight,1882404,0,0,0,2,0,0,0,0,0,,0,0,Manawatu-Wanganui Region,Nil,2-way,Sealed,0,0,0,0,100,0,None,0,0,,42,Horowhenua District,Nil,0,0,0,0,0,0,Open,0,0,0,Fine,Null;;;;;;;;;;
1700399,5679060,671025,,550901,0,0,0,1,0,Null,2003,SH 3,CORBETT ROAD,,Minor Crash,Yes,2003,0,North,0,0,0,Flat,0,,1,,0,Dark,1562502,2,0,0,2,0,0,0,0,0,,0,0,Taranaki Region,Nil,2-way,Sealed,0,0,0,0,70,0,None,0,0,,33,New Plymouth District,Stop,0,0,0,0,0,0,Urban,0,0,0,Fine,Null;;;;;;;;;;
1928695,5605757,671026,,547700,0,0,0,1,0,South,2006,SOUTHAMPTON ST WEST,DAVIS ST,,Serious Crash,No,2006,0,North,0,0,0,Flat,0,,0,,0,Dark,1486500,0,0,0,2,0,0,0,0,0,,0,0,Hawke's Bay Region,Nil,2-way,Sealed,0,0,1,0,50,0,On,0,0,,30,Hastings District,Nil,0,0,0,1,0,0,Urban,0,0,0,Light rain,Null;;;;;;;;;;
1679643,5402150,671027,,581250,0,,0,2,,Null,2010,ALABAMA ROAD,WELD ST,,Non-Injury Crash,No,2009,,West,,0,,Flat,,,,,,Bright sun,2303900,0,0,0,2,,,0,,,,,,Marlborough Region,Nil,2-way,Sealed,,0,0,,50,,Null,0,0,,53,Marlborough District,Give way,,,,,0,0,Urban,0,,,Fine,Null;;;;;;;;;;
1761991,5920113,671028,,516400,0,,0,2,,South,2009,TAMAKI DRIVE,KITEMOANA ST,,Non-Injury Crash,No,2008,,North,,0,,Flat,,,,,,Bright sun,498801,0,0,0,2,,,0,,,,,,Auckland Region,Nil,2-way,Sealed,,0,0,,50,,Off,0,0,,76,Auckland,Nil,,,,,0,0,Urban,0,,,Fine,Null;;;;;;;;;;
1762832,5907599,671029,,524530,0,,0,1,,South,2015,MASSEY ROAD,TENNESSEE AVENUE,,Non-Injury Crash,No,2014,,North,,0,,Flat,,,,,,Bright sun,732903,0,0,0,2,,,0,,,,,,Auckland Region,Nil,2-way,Sealed,,0,0,,50,,Null,0,0,,76,Auckland,Unknown,,,,,1,0,Urban,0,,,Fine,Null;;;;;;;;;;
1407846,4919396,671030,,603300,0,0,0,2,0,East,2006,CRAIGLEITH ST,NORTH ROAD,,Non-Injury Crash,No,2005,0,South,0,0,0,Hill Road,0,,0,,0,Dark,2870400,0,0,0,2,0,0,0,0,1,,0,0,Otago Region,Nil,2-way,Sealed,0,0,0,0,50,0,None,0,0,,71,Dunedin City,Unknown,0,0,0,0,0,0,Urban,0,0,0,Fine,Null;;;;;;;;;;
1770136,5899141,671031,,523911,0,,0,2,,North,2017,GREAT SOUTH ROAD,CHALLEN CLOSE,,Non-Injury Crash,No,2017,,North,,0,,Flat,,,,,,Overcast,768100,0,0,0,4,,,0,,,,,,Auckland Region,Nil,2-way,Sealed,,0,0,,50,,Null,1,0,,76,Auckland,Unknown,,,,,0,0,Urban,0,,,Null,Null;;;;;;;;;;
1782877,5866509,671032,,527221,0,0,0,1,0,South,2010,SH 1N,SPRINGHILL ROAD,,Non-Injury Crash,Yes,2010,0,North,1,0,0,Flat,0,Queens Birthday,0,,0,Dark,934600,0,0,0,4,0,0,0,0,0,,0,0,Waikato Region,Nil,2-way,Sealed,0,0,0,0,100,0,None,0,0,,13,Waikato District,Unknown,0,0,0,0,0,0,Open,0,0,0,Heavy rain,Null;;;;;;;;;;
1271810.754,5010612.9558,671033,75,609028,0,,0,0,,East,2020,006-0983,MORVEN FERRY ROAD,,Serious Crash,Yes,2019,,East,,0,,Hill Road,,,,,,Overcast,3039805,0,0,1,2,,,0,,,,,,Otago Region,Nil,2-way,Sealed,,0,1,,100,,None,0,0,,70,Queenstown-Lakes District,Unknown,,,,,0,0,Open,0,,,Heavy rain,Null;;;;;;;;;;
1570104,5181425,671034,,592401,0,,0,2,,South,2019,STONEYHURST ST,DERBY ST,,Non-Injury Crash,No,2018,,North,,0,,Flat,,,,,,Overcast,2686402,0,0,0,2,,,0,,,,,,Canterbury Region,Nil,2-way,Sealed,,0,0,,50,,Null,0,0,,60,Christchurch City,Nil,,,,,0,0,Urban,0,,,Fine,Null;;;;;;;;;;
1769401,5911428,671035,,523113,0,,0,1,,Null,2011,TI RAKAU DRIVE,GREENMOUNT DRIVE,,Non-Injury Crash,No,2011,,West,,0,,Flat,,,,,,Overcast,711703,0,0,0,6,,,0,,,,,,Auckland Region,Nil,2-way,Sealed,,0,0,,60,,Off,0,0,,76,Auckland,Traffic Signals,,,,,0,0,Urban,1,,,Fine,Null;;;;;;;;;;
1793411,5500708,671036,,564210,0,0,0,1,0,Null,2006,SH 1N,QUEEN ST EAST,,Non-Injury Crash,Yes,2006,0,North,0,0,0,Flat,0,,0,,0,Bright sun,1865000,0,0,0,2,0,0,0,0,0,,0,0,Manawatu-Wanganui Region,Nil,2-way,Sealed,0,0,0,0,50,0,Null,0,0,,42,Horowhenua District,Traffic Signals,1,1,0,0,0,0,Urban,0,0,0,Fine,Null;;;;;;;;;;
1558048,5173830,671037,,587849,0,,0,1,,North,2016,SHANDS ROAD,ALAMEDA PLACE,,Non-Injury Crash,No,2015,,South,,0,,Flat,,,,,,Overcast,2500400,0,0,0,2,,,0,,,,,,Canterbury Region,Nil,2-way,Sealed,,0,0,,80,,Null,0,0,,62,Selwyn District,Unknown,,,,,0,0,Open,1,,,Fine,Null;;;;;;;;;;
1239565,5013442,671038,,609013,0,,1,0,,Null,2007,GLENORCHY-QUEENSTOWN ROAD,UNKNOWN CRASH LOCATION,,Non-Injury Crash,No,2006,,South,,0,,Hill Road,,,,,,Bright sun,3039300,0,0,0,2,,,0,,,,,,Otago Region,Nil,2-way,Sealed,,0,0,,100,,Null,1,0,,70,Queenstown-Lakes District,Unknown,,,,,0,0,Open,0,,,Fine,Null;;;;;;;;;;
1568388,5179354,671039,,590900,0,0,0,1,0,North,2001,LOWE ST,TYNE ST,,Non-Injury Crash,No,2001,0,North,0,0,0,Flat,0,,0,,0,Bright sun,2475500,0,0,0,2,0,0,0,0,1,,0,0,Canterbury Region,Nil,2-way,Sealed,0,0,0,0,50,0,Null,0,0,,60,Christchurch City,Unknown,0,0,0,0,1,0,Urban,0,0,0,Fine,Null;;;;;;;;;;
1770541,5468600,671040,,566302,0,0,0,1,0,West,2017,NIKAU PALM ROAD,MAUI POMARE ROAD,,Serious Crash,No,2017,0,East,0,0,1,Hill Road,0,,0,,0,Dark,1998405,1,0,0,2,0,0,0,0,0,,0,0,Wellington Region,Nil,2-way,Sealed,0,0,1,0,80,0,None,0,0,,43,Kapiti Coast District,Unknown,0,0,0,1,0,0,Open,0,0,0,Light rain,Strong wind;;;;;;;;;;
1878557,5822095,671041,,538102,0,,0,1,,South,2015,FRASER ST,FOURTEENTH AVENUE,,Non-Injury Crash,No,2014,,South,,0,,Flat,,,,,,Bright sun,1168700,0,0,0,2,,,0,,,,,,Bay of Plenty Region,Nil,2-way,Sealed,,0,0,,50,,Off,2,0,,23,Tauranga City,Nil,,,,,0,0,Urban,0,,,Fine,Null;;;;;;;;;;
1924088,5607419,671042,,548612,0,0,0,1,0,Null,2003,BAKER ST,BURTON CRESCENT,,Non-Injury Crash,No,2002,0,North,0,0,0,Flat,0,,0,,0,Dark,1474003,0,0,0,2,0,0,0,1,0,,0,0,Hawke's Bay Region,Nil,2-way,Sealed,0,0,0,0,50,0,On,0,0,,30,Hastings District,Nil,0,0,0,0,0,0,Urban,0,0,0,Fine,Null;;;;;;;;;;
1567100,5177492,671043,,595300,0,,0,2,,Null,2006,SH 75 HALSWELL,CURLETTS ROAD,,Non-Injury Crash,Yes,2006,,North,,0,,Flat,,,,,,Overcast,2629301,0,0,0,2,,,0,,,,,,Canterbury Region,Nil,2-way,Sealed,,0,0,,50,,Null,0,0,,60,Christchurch City,Traffic Signals,,,,,0,0,Urban,0,,,Fine,Null;;;;;;;;;;
1822882,5530528,671044,,562402,0,,0,2,,West,2003,GREY ST,RUAHINE ST,,Minor Crash,No,2003,,East,,0,,Flat,,,,,,Overcast,1835000,1,0,0,2,,,0,,,,,,Manawatu-Wanganui Region,Nil,2-way,Sealed,,0,0,,50,,Null,0,1,,40,Palmerston North City,Nil,,,,,0,0,Urban,0,,,Fine,Null;;;;;;;;;;
1561226,5181760,671045,,587811,0,0,0,0,0,East,2011,SH 73,POUND ROAD,,Non-Injury Crash,Yes,2010,0,East,0,0,0,Flat,0,,0,,0,Dark,2495000,0,0,0,2,0,0,0,0,0,,0,1,Canterbury Region,Nil,2-way,Sealed,0,0,0,0,100,0,On,1,0,,60,Christchurch City,Unknown,0,0,0,0,0,0,Open,0,0,0,Fine,Null;;;;;;;;;;
1747693,5426137,671046,,573200,0,,0,1,,Null,2008,OHIRO ROAD,BROOKLYN ROAD,,Non-Injury Crash,No,2007,,East,,0,,Hill Road,,,,,,Bright sun,2159300,0,0,0,2,,,0,,,,,,Wellington Region,Nil,2-way,Sealed,,0,0,,50,,Null,0,0,,47,Wellington City,Give way,,,,,1,0,Urban,0,,,Fine,Null;;;;;;;;;;
1440337,5004189,671047,,601030,0,,0,1,,Null,2005,SH 1S,THAMES ST,,Non-Injury Crash,Yes,2005,,South,,0,,Flat,,,,,,Overcast,2841500,0,0,0,3,,,0,,,,,,Otago Region,Nil,2-way,Sealed,,0,0,,50,,Null,0,1,,68,Waitaki District,Stop,,,,,0,0,Urban,1,,,Fine,Null;;;;;;;;;;
1934059,5619917,671048,,546400,0,,0,0,,Null,2017,CARNEGIE ROAD,SH 50,,Non-Injury Crash,Yes,2017,,South,,0,,Flat,,,,,,Overcast,1427500,0,0,0,2,,,0,,,,,,Hawke's Bay Region,Nil,2-way,Sealed,,0,0,,50,,Null,0,0,,31,Napier City,Traffic Signals,,,,,1,0,Urban,1,,,Fine,Null;;;;;;;;;;
1758134,5434653,671049,,570100,0,,0,2,,North,2008,CUBA ST,HIGH ST,,Minor Crash,No,2007,,South,,0,,Flat,,,,,,Overcast,2030500,1,0,0,2,,,0,,,,,,Wellington Region,Nil,2-way,Sealed,,0,0,,50,,Null,0,0,,46,Lower Hutt City,Nil,,,,,0,0,Urban,1,,,Fine,Null;;;;;;;;;;
1623697,6114741,671050,,500301,0,,0,2,,North,2002,COMMERCE ST,TE REINGA ST,,Non-Injury Crash,No,2001,,North,,0,,Flat,,,,,,Overcast,13500,0,0,0,2,,,0,,,,,,Northland Region,Nil,2-way,Sealed,,0,0,,50,,Off,0,0,,1,Far North District,Nil,,,,,0,0,Urban,0,,,Fine,Null;;;;;;;;;;
1772549,5893246,671051,,521301,0,,0,1,,Null,2019,SH 1N,SERVICE CENTRE ON SBD,,Non-Injury Crash,Yes,2018,,South,,0,,Flat,,,,,,Overcast,808608,0,0,0,3,,,0,,,,,,Auckland Region,Motorway ramp,1-way,Sealed,,0,0,,100,,Null,0,0,,76,Auckland,Nil,,,,,1,0,Open,0,,,Fine,Null;;;;;;;;;;
1746064.1739,5917948.4666,671052,,512500,0,,0,2,,South,2020,EDMONTON RD,CENTRAL PARK DRIVE,,Minor Crash,No,2019,,East,,0,,Flat,,,,,,Bright sun,257100,1,0,0,2,,,0,,,,,,Auckland Region,Nil,2-way,Sealed,,0,0,,50,,Off,0,0,,76,Auckland,Unknown,,,,,0,0,Urban,0,,,Fine,Null;;;;;;;;;;
1689619.7554,5675858.4267,671053,,551400,0,0,0,0,0,Null,2019,BREAKWATER ROAD,PIONEER ROAD,,Minor Crash,Yes,2019,0,South,0,0,0,Flat,0,,0,,0,Bright sun,1586300,1,0,1,2,0,0,0,0,0,,0,0,Taranaki Region,Nil,2-way,Sealed,1,0,0,0,50,0,None,0,0,30,33,New Plymouth District,Give way,1,0,0,0,0,0,Urban,0,0,0,Fine,Null;;;;;;;;;;
1821225,5842312,671054,85,534500,0,0,0,0,1,South,2011,MORRINSVILLE TAHUNA ROAD,PAEROA TAHUNA ROAD,,Minor Crash,No,2011,0,North,0,0,0,Flat,0,,0,,0,Overcast,1093000,2,0,0,2,0,0,0,0,0,,0,0,Waikato Region,Nil,2-way,Sealed,0,0,0,0,100,0,Null,1,0,,15,Matamata-Piako District,Unknown,0,0,0,0,0,0,Open,0,0,0,Light rain,Null;;;;;;;;;;
1753584,5918300,671055,,515003,0,,0,2,,East,2017,SH 16,ST LUKES ON WBD,,Non-Injury Crash,Yes,2017,,West,,0,,Flat,,,,,,Dark,390502,0,0,0,4,,,0,,,,,,Auckland Region,Nil,1-way,Sealed,,0,0,,80,,On,0,0,,76,Auckland,Unknown,,,,,0,0,Open,0,,,Fine,Null;;;;;;;;;;
1763646,5917621,671056,,516302,0,,0,1,,Null,2018,ST JOHNS ROAD,TRUMAN ST,,Non-Injury Crash,No,2017,,East,,0,,Flat,,,,,,Bright sun,462601,0,0,0,2,,,0,,,,,,Auckland Region,Nil,2-way,Sealed,,0,0,,50,,Null,1,0,,76,Auckland,Give way,,,,,0,0,Urban,0,,,Mist or Fog,Null;;;;;;;;;;
1763182,5908120,671057,,524402,0,,0,2,,Null,2005,MASSEY ROAD,MIAMI ST,,Non-Injury Crash,No,2005,,North,,0,,Flat,,,,,,Overcast,750000,0,0,0,4,,,0,,,,,,Auckland Region,Nil,2-way,Sealed,,0,0,,50,,Off,0,0,,76,Auckland,Nil,,,,,0,0,Urban,0,,,Light rain,Null;;;;;;;;;;
1767776,5904283,671058,,524602,0,,0,1,,Null,2006,REDOUBT ROAD,GREAT SOUTH ROAD S,,Non-Injury Crash,No,2006,,West,,0,,Flat,,,,,,Bright sun,780501,0,0,0,4,,,0,,,,,,Auckland Region,Nil,2-way,Sealed,,0,0,,50,,Off,0,0,,76,Auckland,Give way,,,,,1,0,Urban,0,,,Light rain,Null;;;;;;;;;;
1870163,5815744,671059,,536630,0,0,0,1,0,South,2015,OMANAWA ROAD,SH 29,,Non-Injury Crash,No,2015,0,South,0,0,1,Flat,0,,0,,0,Overcast,1191600,0,0,0,2,0,0,0,0,0,,0,0,Bay of Plenty Region,Nil,2-way,Sealed,0,0,0,0,100,0,Off,0,0,,22,Western Bay of Plenty District,Nil,0,0,0,0,0,0,Open,0,0,0,Fine,Null;;;;;;;;;;
1570241,5176787,671060,,595400,0,0,0,1,0,South,2003,KANTARA LANE,SOMERFIELD ST,,Non-Injury Crash,No,2002,0,South,0,0,1,Flat,0,Labour Weekend,0,,0,Dark,2647200,0,0,0,1,0,0,0,0,0,,0,0,Canterbury Region,Nil,1-way,Sealed,0,0,0,0,50,0,On,0,0,,60,Christchurch City,Unknown,0,0,0,0,0,0,Urban,0,0,0,Fine,Null;;;;;;;;;;
1821074,5528922,671061,,562800,0,0,0,1,0,Null,2017,COOK ST,CHURCH ST,,Non-Injury Crash,No,2017,0,South,0,0,0,Flat,0,,0,,0,Dark,1828600,0,0,0,1,0,0,0,0,0,,0,0,Manawatu-Wanganui Region,Nil,1-way,Sealed,0,0,0,0,50,0,On,0,0,,40,Palmerston North City,Give way,0,0,0,1,0,0,Urban,0,0,0,Fine,Null;;;;;;;;;;
1749158,5426648,671062,,573101,0,,0,1,,Null,2007,CAMBRIDGE TERRACE,FIFESHIRE AVENUE,,Minor Crash,No,2006,,West,,0,,Flat,,,,,,Bright sun,2136900,1,0,0,3,,,0,,,1,,,Wellington Region,Nil,2-way,Sealed,,0,0,,50,,Null,0,1,,47,Wellington City,Nil,,,,,0,0,Urban,0,,,Fine,Null;;;;;;;;;;
2035920.7088,5709221.9495,671063,,544300,0,,1,0,,North,2020,STANLEY ROAD,SCHOOL ROAD,,Non-Injury Crash,No,2019,,North,,0,,Flat,,,,,,Overcast,1367000,0,0,0,2,,,0,,,,,,Gisborne Region,Nil,2-way,Sealed,,1,0,,50,,Off,0,0,,28,Gisborne District,Nil,,,,,0,0,Urban,1,,,Fine,Null;;;;;;;;;;
1895399,5782065,671064,,538820,0,0,0,0,0,North,2010,SH 30,LAKE ROTOKAWAU ROAD,,Non-Injury Crash,Yes,2009,0,East,0,0,1,Flat,0,,0,,0,Twilight,1251604,0,0,0,2,0,0,0,0,0,,0,0,Bay of Plenty Region,Nil,2-way,Sealed,0,0,0,0,100,0,None,0,0,,24,Rotorua District,Unknown,0,0,0,0,0,0,Open,1,0,0,Mist or Fog,Frost;;;;;;;;;;
1766087,5907673,671065,,522301,0,,0,1,,Null,2003,SH 1N,OTARA ON NBD,,Non-Injury Crash,Yes,2003,,North,,0,,Flat,,,,,,Overcast,666700,0,0,0,4,,,0,,,,,,Auckland Region,Motorway ramp,1-way,Sealed,,0,0,,100,,Off,0,0,,76,Auckland,Nil,,,,,0,0,Open,1,,,Fine,Null;;;;;;;;;;
1499357,5139667,671066,,597812,0,0,0,1,0,North,2004,Z CPK SQUASH CLUB,HARRISON ST,,Non-Injury Crash,No,2004,0,South,0,0,1,Flat,0,,0,,0,Dark,2735800,0,0,0,0,0,0,0,0,0,,0,0,Canterbury Region,Nil,Off road,Unsealed,0,0,0,0,50,0,None,0,0,,63,Ashburton District,Unknown,0,0,0,0,0,0,Urban,0,0,0,Fine,Null;;;;;;;;;;
1569297,5180982,671067,,591600,0,,0,2,,East,2017,HARPER AVENUE,HELMORES LANE,,Minor Crash,No,2016,,East,,0,,Flat,,,,,,Overcast,2678400,1,0,0,2,,,0,,,,,,Canterbury Region,Nil,1-way,Sealed,,0,0,,50,,Off,1,0,,60,Christchurch City,Unknown,,,,,0,0,Urban,0,,,Fine,Null;;;;;;;;;;
1883816,5775069,671068,,540200,0,,0,2,,East,2006,LAKE ROAD,BENNETTS ROAD,,Non-Injury Crash,No,2006,,East,,0,,Flat,,,,,,Bright sun,1223302,0,0,0,2,,,0,,,,,,Bay of Plenty Region,Nil,2-way,Sealed,,0,0,,50,,Null,0,0,,24,Rotorua District,Unknown,,,,,0,0,Urban,0,,,Fine,Null;;;;;;;;;;
1406445,4917421,671069,,603100,0,,0,1,,North,2009,GEORGE ST,HANOVER ST,,Non-Injury Crash,No,2008,,North,,0,,Flat,,,,,,Overcast,2902300,0,0,0,2,,,0,,,,,,Otago Region,Nil,2-way,Sealed,,0,0,,50,,Null,1,0,,71,Dunedin City,Unknown,,,,,0,0,Urban,0,,,Heavy rain,Null;;;;;;;;;;
1974893,5784033,671070,35,542906,0,0,0,1,0,North,2011,SH 2,WOODLANDS ROAD,,Non-Injury Crash,Yes,2010,0,South,0,0,0,Flat,1,,0,,0,Overcast,1337401,0,0,0,2,0,0,0,0,0,,0,0,Bay of Plenty Region,Nil,2-way,Sealed,0,0,0,0,50,0,Null,0,0,,27,Opotiki District,Unknown,1,0,0,0,0,0,Urban,0,0,0,Light rain,Null;;;;;;;;;;
1765499,5901805,671071,,524604,0,,0,2,,South,2006,ROSCOMMON ROAD,BOLDERWOOD PLACE,,Non-Injury Crash,No,2006,,South,,0,,Flat,,,,,,Overcast,781302,0,0,0,4,,,0,,,,,,Auckland Region,Nil,2-way,Sealed,,0,0,,50,,Off,0,0,,76,Auckland,Nil,,,,,0,0,Urban,0,,,Fine,Null;;;;;;;;;;
1856193,5854838,671072,,534200,0,0,0,1,1,East,2014,WAIHI BEACH ROAD,TRIG ROAD SOUTH,,Minor Crash,No,2013,0,West,0,0,0,Flat,0,,0,,0,Dark,1083504,1,0,0,2,0,0,0,0,0,,0,0,Waikato Region,Nil,2-way,Sealed,0,0,0,0,100,0,None,0,0,,12,Hauraki District,Unknown,0,0,0,0,0,0,Open,0,0,0,Fine,Null;;;;;;;;;;
1763855,5913405,671073,,520402,0,0,0,1,0,South,2011,LYNTON ROAD,ROSLYN ROAD W,,Non-Injury Crash,No,2010,0,East,0,0,0,Flat,0,,0,,0,Dark,640400,0,0,0,3,0,0,0,0,1,,0,0,Auckland Region,Nil,2-way,Sealed,0,0,0,0,50,0,On,0,0,,76,Auckland,Nil,0,0,0,0,0,0,Urban,1,0,0,Fine,Null;;;;;;;;;;
1880955,5774015,671074,,539320,0,0,0,1,0,North,2011,GOLDIE ST,BLOMFIELD ST,,Non-Injury Crash,No,2010,0,North,0,0,0,Flat,0,,0,,0,Dark,1230719,0,0,0,2,0,0,0,0,1,,0,0,Bay of Plenty Region,Nil,2-way,Sealed,0,0,0,0,50,0,On,0,0,,24,Rotorua District,Nil,0,0,0,0,0,0,Urban,1,0,0,Light rain,Null;;;;;;;;;;
1816675,5528540,671075,,561811,0,,0,3,,Null,2018,NO 1 LINE LONGBURN,LONGBURN RONGOTEA ROAD,,Minor Crash,No,2017,,North,,0,,Flat,,,,,,Bright sun,1794601,1,0,0,2,,,0,,,,,,Manawatu-Wanganui Region,Nil,2-way,Sealed,,0,0,,100,,Null,0,0,,40,Palmerston North City,Stop,,,,,0,0,Open,0,,,Fine,Null;;;;;;;;;;
1758805,5919408,671076,,515902,0,,0,2,,West,2007,BIRDWOOD CRESCENT,PARNELL ROAD,,Non-Injury Crash,No,2006,,West,,0,,Flat,,,,,,Bright sun,452000,0,0,0,2,,,0,,,,,,Auckland Region,Nil,2-way,Sealed,,0,0,,50,,Off,0,0,,76,Auckland,Nil,,,,,0,0,Urban,0,,,Fine,Null;;;;;;;;;;
1761324,5914873,671077,,520201,0,,0,2,,East,2004,MAIN HIGHWAY,LADIES MILE,,Non-Injury Crash,No,2004,,East,,0,,Flat,,,,,,Overcast,611200,0,0,0,2,,,0,,,,,,Auckland Region,Nil,2-way,Sealed,,0,0,,50,,Null,0,0,,76,Auckland,Unknown,,,,,0,0,Urban,0,,,Fine,Null;;;;;;;;;;
1796392,5820315,671078,,528403,0,,0,1,,Null,2007,TE RAPA ROAD,CHURCH ROAD,,Non-Injury Crash,No,2007,,North,,0,,Flat,,,,,,Bright sun,907500,0,0,1,4,,,0,,,,,,Waikato Region,Nil,2-way,Sealed,,0,0,,80,,Off,0,0,,16,Hamilton City,Give way,,,,,0,0,Open,0,,,Fine,Null;;;;;;;;;;
1691820,5674733,671079,,551700,0,,0,2,,North,2002,DARTMOOR AVENUE,TUKAPA ST,,Non-Injury Crash,No,2001,,South,,0,,Flat,,,,,,Bright sun,1575200,0,0,0,2,,,0,,,,,,Taranaki Region,Nil,2-way,Sealed,,0,0,,50,,Null,0,0,,33,New Plymouth District,Nil,,,,,0,0,Urban,0,,,Fine,Frost;;;;;;;;;;
1405791,4916842,671080,,603000,1,,0,0,,East,2007,RATTRAY ST,BROWN ST,,Minor Crash,No,2007,,East,,0,,Hill Road,,,,,,Bright sun,2899000,1,0,0,2,,,0,,,,,,Otago Region,Nil,2-way,Sealed,,0,0,,50,,Null,1,0,,71,Dunedin City,Nil,,,,,0,0,Urban,0,,,Fine,Null;;;;;;;;;;
1816882,5803603,671081,,527503,0,,0,1,,Null,2017,HAMILTON ROAD,VICTORIA ST WEST,,Minor Crash,No,2016,,South,,0,,Flat,,,,,,Bright sun,962602,1,0,0,2,,,0,,,,,,Waikato Region,Nil,2-way,Sealed,,0,0,,50,,Null,1,0,,17,Waipa District,Give way,,,,,0,0,Urban,0,,,Fine,Null;;;;;;;;;;
1756914,5919169,671082,,514200,0,,0,1,,North,2012,UPPER QUEEN ST,IAN MCKINNON DRIVE,,Non-Injury Crash,No,2012,,South,,0,,Hill Road,,,,,,Dark,412900,0,0,0,6,,,0,,,,,,Auckland Region,Nil,2-way,Sealed,,0,0,,50,,On,0,0,,76,Auckland,Traffic Signals,,,,,0,0,Urban,1,,,Fine,Null;;;;;;;;;;
1768939,5577554,671083,,555700,0,0,0,2,1,North,2016,KARAKA ST,KAREWA ST,,Non-Injury Crash,No,2016,0,South,0,0,0,Flat,0,,0,,0,Dark,1712100,0,0,0,3,0,0,0,0,0,,0,0,Manawatu-Wanganui Region,Nil,2-way,Sealed,0,0,0,0,50,0,On,0,0,,37,Whanganui District,Unknown,0,0,0,0,0,0,Urban,0,0,0,Fine,Null;;;;;;;;;;
1759474,5916409,671084,,516002,0,,0,2,,South,2008,SH 1N,OMAHU OBR,,Non-Injury Crash,Yes,2008,,North,,0,,Flat,,,,,,Dark,492000,0,0,0,4,,,0,,,,,,Auckland Region,Nil,1-way,Sealed,,0,0,,100,,On,0,0,,76,Auckland,Nil,,,,,0,0,Open,0,,,Fine,Null;;;;;;;;;;
1816262,5803307,671085,,527502,0,,0,1,,Null,2012,HALL ST,QUEEN ST,,Minor Crash,No,2011,,North,,0,,Hill Road,,,,,,Dark,964200,1,0,0,2,,,0,,,,,,Waikato Region,Nil,2-way,Sealed,,0,0,,50,,On,1,0,,17,Waipa District,Stop,,,,,0,0,Urban,0,,,Fine,Null;;;;;;;;;;
1793164,5496850,671086,,564012,0,0,0,1,0,East,2013,KIMBERLEY ROAD,SH 57,,Non-Injury Crash,No,2012,0,East,0,0,0,Flat,0,Christmas New Year,0,,0,Overcast,1859005,0,0,0,2,0,0,0,0,0,,0,1,Manawatu-Wanganui Region,Nil,2-way,Sealed,0,0,0,0,100,0,Null,0,0,,42,Horowhenua District,Nil,0,0,0,0,0,0,Open,0,0,0,Fine,Null;;;;;;;;;;
1759891,5908764,671087,,524403,0,,0,2,,Null,2011,WALMSLEY ROAD,WALMSLEY OFF SBD,,Minor Crash,No,2011,,East,,0,,Hill Road,,,,,,Bright sun,729800,1,0,0,2,,,0,,,,,,Auckland Region,Nil,1-way,Sealed,,0,0,,50,,Off,0,0,,76,Auckland,Traffic Signals,,,,,0,0,Urban,0,,,Fine,Null;;;;;;;;;;
1749790,5913388,671088,,511303,0,,1,1,,Null,2009,RANKIN AVENUE,MARGAN AVENUE,,Non-Injury Crash,No,2008,,South,,0,,Flat,,,,,,Overcast,265001,0,0,0,3,,,0,,,,,,Auckland Region,Nil,2-way,Sealed,,0,0,,50,,Off,0,0,,76,Auckland,Give way,,,,,0,0,Urban,0,,,Light rain,Null;;;;;;;;;;
1762405,5918917,671089,,516400,1,,0,1,,Null,2011,COATES AVENUE,KEPA ROAD,,Serious Crash,No,2011,,East,,0,,Flat,,,,,,Bright sun,497800,0,0,0,1,,,0,,,,,,Auckland Region,Nil,2-way,Sealed,,0,1,,50,,Off,0,0,,76,Auckland,Nil,,,,,0,0,Urban,0,,,Fine,Null;;;;;;;;;;
1748866.1054,5428392.5116,671090,,573000,0,0,0,1,0,Null,2020,FEATHERSTON STREET,WARING TAYLOR STREET,,Non-Injury Crash,No,2020,0,South,0,0,0,Flat,0,,0,,0,Bright sun,2125100,0,1,0,2,0,0,0,0,1,,0,0,Wellington Region,Nil,1-way,Sealed,0,0,0,0,50,0,Off,0,0,,47,Wellington City,Traffic Signals,0,0,0,0,0,0,Urban,0,0,0,Fine,Null;;;;;;;;;;
1757481,5926208,671091,,507900,0,,0,2,,Null,2015,ESMONDE ROAD,FRED THOMAS DRIVE,,Non-Injury Crash,No,2014,,West,,0,,Flat,,,,,,Bright sun,304000,0,0,0,4,,,0,,,,,,Auckland Region,Nil,1-way,Sealed,,0,0,,50,,Off,0,0,,76,Auckland,Traffic Signals,,,,,0,0,Urban,0,,,Fine,Null;;;;;;;;;;
1577052,5391431,671092,,581841,0,0,0,1,0,East,2007,SH 6,HOPE SDL,,Non-Injury Crash,Yes,2006,0,North,0,0,0,Hill Road,0,,0,,0,Overcast,2375400,0,0,0,3,0,0,0,1,0,,0,0,Tasman Region,Nil,2-way,Sealed,0,0,0,0,100,0,Null,0,0,,51,Tasman District,Nil,0,1,0,1,0,0,Open,0,0,0,Heavy rain,Null;;;;;;;;;;
1411956,4916699,671093,,604810,0,,0,1,,West,2010,PORTOBELLO ROAD,ST RONANS ROAD,,Non-Injury Crash,No,2010,,West,,0,,Flat,,,,,,Dark,2940800,0,0,0,2,,,0,,,,,,Otago Region,Nil,2-way,Sealed,,0,0,,70,,None,0,0,,71,Dunedin City,Unknown,,,,,0,0,Urban,0,,,Light rain,Null;;;;;;;;;;
1749893.7866,5914646.4015,671094,,511303,0,,0,2,,Null,2019,RATA STREET,BINSTED ROAD,,Non-Injury Crash,No,2019,,West,,0,,Flat,,,,,,Overcast,266502,0,0,0,2,,,0,,,,,,Auckland Region,Nil,1-way,Sealed,,0,0,,50,,Off,0,0,,76,Auckland,Traffic Signals,,,,,0,0,Urban,0,,,Fine,Null;;;;;;;;;;
1719494,6045534,671095,,503100,0,,0,2,,Null,2006,WALTON ST,CLYDE ST,,Non-Injury Crash,No,2005,,West,,0,,Flat,,,,,,Bright sun,100300,0,0,0,4,,,0,,,,,,Northland Region,Nil,2-way,Sealed,,0,0,,50,,Off,0,0,,2,Whangarei District,Give way,,,,,0,0,Urban,0,,,Fine,Null;;;;;;;;;;
"2041917.837,5706673.9667,671096,,543903,0,1,0,0,0,Null,2019,""SH 35, GISBORNE"",,,Non-Injury Crash,Yes,2018,0,East,0,0,0,Flat,0,,0,,0,Dark,1359001,0,0,0,2,0,0,0,0,0,,0,0,Gisborne Region,Bridge,2-way,Sealed,0,0,0,0,100,0,None,0,0,,28,Gisborne District,Unknown,0,0,0,0,0,0,Open,1,0,0,Fine,Null";;;;;;;;;;
1893212,5812855,671097,,538502,0,0,0,2,0,South,2000,PALMER PLACE,COMMERCE LANE,,Non-Injury Crash,No,2000,0,East,0,0,0,Flat,0,,0,,0,Dark,1215500,0,0,0,1,0,0,0,0,1,,0,0,Bay of Plenty Region,Nil,1-way,Sealed,0,0,0,0,50,0,On,0,0,,22,Western Bay of Plenty District,Nil,0,0,0,0,0,0,Urban,0,0,0,Fine,Null;;;;;;;;;;
1820883,5844125,671098,,534500,0,0,0,1,0,South,2009,MORRINSVILLE TAHUNA ROAD,PAEROA TAHUNA ROAD,,Non-Injury Crash,No,2008,0,South,0,0,0,Flat,0,,0,,0,Overcast,1093500,0,0,0,2,0,0,0,0,0,,0,1,Waikato Region,Nil,2-way,Sealed,0,0,0,0,100,0,Null,0,0,,15,Matamata-Piako District,Unknown,0,0,0,0,0,0,Open,0,0,0,Mist or Fog,Null;;;;;;;;;;
1799875,5815461,671099,,528900,0,,0,2,,Null,2001,KING ST,DEVON ROAD,,Non-Injury Crash,No,2001,,West,,0,,Flat,,,,,,Bright sun,913200,0,0,0,2,,,0,,,,,,Waikato Region,Nil,2-way,Sealed,,0,0,,50,,Off,0,0,,16,Hamilton City,Nil,,,,,0,0,Urban,0,,,Fine,Null;;;;;;;;;;
1530191,5311813,671100,,584703,0,,0,1,,East,2011,SH 7,PALMER ROAD,,Non-Injury Crash,Yes,2010,,East,,0,,Hill Road,,,,,,Overcast,2398300,0,0,0,2,,,0,,,,,,West Coast Region,Nil,2-way,Sealed,,0,0,,100,,Null,0,0,,55,Buller District,Unknown,,,,,0,0,Open,0,,,Light rain,Null;;;;;;;;;;
1766538.4686,5913191.5334,671101,,522920,0,,0,0,,North,2019,TI RAKAU DR (WESTBOUND),AYLESBURY STREET,,Non-Injury Crash,No,2019,,North,,0,,Flat,,,,,,Overcast,683900,0,0,0,5,,,0,,,,,,Auckland Region,Nil,2-way,Sealed,,0,0,,50,,Off,1,0,,76,Auckland,Nil,,,,,0,0,Urban,1,,,Light rain,Null;;;;;;;;;;
1755144,5917264,671102,,517701,0,,0,2,,South,2009,SANDRINGHAM ROAD,BURNLEY TERRACE,,Non-Injury Crash,No,2008,,North,,0,,Flat,,,,,,Bright sun,536700,0,0,0,2,,,0,,,,,,Auckland Region,Nil,2-way,Sealed,,0,0,,50,,Off,0,0,,76,Auckland,Nil,,,,,0,0,Urban,0,,,Fine,Null;;;;;;;;;;
1679184,5418724,671103,,580446,0,0,0,1,1,South,2005,SH 1S,PARA ROAD,,Serious Crash,Yes,2004,0,North,0,0,0,Flat,0,,0,,0,Bright sun,2279400,0,0,0,2,0,0,0,0,0,,0,0,Marlborough Region,Bridge,2-way,Sealed,0,0,1,0,100,0,Null,0,0,,53,Marlborough District,Nil,0,0,0,0,0,0,Open,0,0,0,Fine,Null;;;;;;;;;;
1749323,5430160,671104,,572900,0,0,0,2,0,South,2005,HUTT ROAD,AOTEA QUAY,,Minor Crash,No,2004,0,South,0,0,0,Flat,0,,0,,0,Overcast,2118400,1,0,0,4,0,0,0,0,1,,0,0,Wellington Region,Nil,2-way,Sealed,0,0,0,0,70,0,Null,0,0,,47,Wellington City,Nil,0,0,0,0,0,0,Urban,0,0,0,Light rain,Null;;;;;;;;;;
1563842.2651,5178985.8681,671105,,587702,0,0,0,2,0,Null,2020,HAYTON RD 1 NORTH PARKHOUSE RD,WASHBOURNES ROAD,,Minor Crash,No,2019,0,West,0,0,0,Flat,0,,0,,0,Overcast,2480200,2,0,0,2,0,0,0,0,1,,0,0,Canterbury Region,Nil,2-way,Sealed,0,0,0,0,50,0,Off,0,0,,60,Christchurch City,Unknown,0,0,0,0,0,0,Urban,0,0,0,Light rain,Null;;;;;;;;;;
1936476,5610651,671106,,545730,0,0,0,0,0,South,2008,TUCKER LANE,VALERIE ST,,Non-Injury Crash,No,2008,0,North,0,0,0,Flat,0,,0,,0,Dark,1405500,0,0,0,2,0,0,0,0,1,,0,0,Hawke's Bay Region,Nil,2-way,Sealed,0,0,0,0,50,0,On,1,0,,30,Hastings District,Nil,0,0,0,0,0,0,Urban,1,0,0,Fine,Null;;;;;;;;;;
1884395,5826076,671107,,536831,0,0,0,1,0,West,2008,CONCORD AVENUE,PATERSON ST,,Non-Injury Crash,No,2008,0,West,0,0,0,Flat,0,,0,,0,Bright sun,1200500,0,0,0,2,0,0,0,0,1,,0,0,Bay of Plenty Region,Nil,2-way,Sealed,0,0,0,0,50,0,Null,0,0,,23,Tauranga City,Unknown,0,0,0,0,0,0,Urban,1,0,0,Fine,Null;;;;;;;;;;
1749354,5426341,671108,,573400,0,,0,1,,East,2009,ELLICE ST,BROUGHAM ST,,Minor Crash,No,2008,,West,,0,,Hill Road,,,,,,Overcast,2142800,1,0,0,2,,,0,,,1,,,Wellington Region,Nil,2-way,Sealed,,0,0,,50,,Null,0,0,,47,Wellington City,Nil,,,,,0,0,Urban,0,,,Fine,Null;;;;;;;;;;
1759774,5436936,671109,,569301,0,,0,2,,South,2010,SH 2,MELLING LINK,,Non-Injury Crash,Yes,2010,,North,,0,,Flat,,,,,,Bright sun,1919900,0,0,0,6,,,0,,,,,,Wellington Region,Nil,2-way,Sealed,,0,0,,100,,Null,0,0,,46,Lower Hutt City,Nil,,,,,0,0,Open,0,,,Fine,Null;;;;;;;;;;
1759466,5431423,671110,,570300,0,0,0,1,0,South,2014,MARINE DRIVE,PORT ROAD,,Non-Injury Crash,No,2014,0,West,0,0,0,Flat,1,,0,,0,Dark,1981300,0,0,0,2,0,0,0,0,0,,0,0,Wellington Region,Nil,2-way,Sealed,0,0,0,0,70,0,On,0,0,,46,Lower Hutt City,Unknown,1,0,0,0,0,0,Urban,0,0,0,Fine,Null;;;;;;;;;;
1406441.4958,4918091.7235,671111,,603602,0,0,0,1,0,North,2020,PARK STREET,KYBER PASS,,Non-Injury Crash,No,2020,0,East,0,0,0,Hill Road,0,,0,,0,Overcast,2864200,0,0,0,2,0,0,0,0,1,,0,0,Otago Region,Nil,2-way,Sealed,0,0,0,0,50,0,Off,1,0,,71,Dunedin City,Unknown,0,0,0,0,0,0,Urban,0,0,0,Heavy rain,Null;;;;;;;;;;
1754857,5933182,671112,,507300,0,,0,2,,Null,2007,ROSEDALE ROAD,EAST COAST ROAD,,Non-Injury Crash,No,2007,,East,,0,,Flat,,,,,,Overcast,155901,0,0,0,2,,,0,,,,,,Auckland Region,Nil,2-way,Sealed,,0,0,,50,,Off,0,0,,76,Auckland,Traffic Signals,,,,,0,0,Urban,0,,,Fine,Null;;;;;;;;;;
1823853,5531480,671113,,562500,0,,0,2,,South,2011,VOGEL ST,HAYDON ST,,Non-Injury Crash,No,2011,,South,,0,,Flat,,,,,,Bright sun,1841900,0,0,0,2,,,0,,,,,,Manawatu-Wanganui Region,Nil,2-way,Sealed,,0,0,,50,,Null,0,0,,40,Palmerston North City,Nil,,,,,0,0,Urban,0,,,Fine,Null;;;;;;;;;;
1769174,5870757,671114,,526701,0,0,0,1,0,North,2014,TUAKAU BRIDGE-PORT WAIKAT,RIVER ROAD,,Minor Crash,No,2014,0,East,1,0,0,Flat,0,,0,,0,Bright sun,845500,1,0,0,2,0,0,0,0,0,,0,0,Waikato Region,Nil,2-way,Sealed,0,0,0,0,100,0,Null,0,0,,13,Waikato District,Unknown,0,0,0,0,0,0,Open,0,0,0,Fine,Null;;;;;;;;;;
1759394,5910526,671115,,524002,0,0,0,0,0,North,2012,SH 20,RIMU OBR,,Non-Injury Crash,Yes,2012,0,South,0,0,0,Flat,0,,0,,0,Bright sun,722400,0,0,0,3,0,0,0,0,0,,0,0,Auckland Region,Nil,1-way,Sealed,0,0,0,0,100,0,None,0,0,,76,Auckland,Nil,0,0,0,0,0,0,Open,2,1,0,Fine,Null;;;;;;;;;;
1782634,5449793,671116,,567901,0,0,0,1,0,East,2019,SH 2,INCLINE RLY,,Non-Injury Crash,Yes,2018,0,South,0,0,0,Flat,1,,0,,0,Overcast,1916000,0,0,0,2,0,0,0,0,0,,0,0,Wellington Region,Nil,2-way,Sealed,0,0,0,0,100,0,Null,0,0,,45,Upper Hutt City,Unknown,0,0,0,0,0,0,Open,0,0,0,Light rain,Null;;;;;;;;;;
1719805,6045816,671117,,503100,0,,0,2,,Null,2015,DENT ST,WALTON ST,,Minor Crash,No,2015,,North,,0,,Flat,,,,,,Bright sun,99904,1,0,0,4,,,0,,,,,,Northland Region,Nil,2-way,Sealed,,0,0,,50,,Off,0,0,,2,Whangarei District,Traffic Signals,,,,,0,0,Urban,0,,,Fine,Null;;;;;;;;;;
1753840,5911741,671118,,519001,0,0,0,1,0,East,2006,HILLSBOROUGH ROAD,CANBERRA AVENUE,,Minor Crash,No,2005,0,West,0,0,0,Flat,0,,0,,0,Dark,591501,1,0,0,2,0,0,0,0,1,,0,1,Auckland Region,Nil,2-way,Sealed,0,0,0,0,50,0,On,0,0,,76,Auckland,Nil,0,0,0,0,1,0,Urban,0,0,0,Light rain,Null;;;;;;;;;;
1757721.2172,5944601.6095,671119,,505902,0,,0,1,,Null,2020,WHANGAPARAOA ROAD,BEACH ROAD,,Non-Injury Crash,No,2020,,West,,0,,Null,,,,,,Bright sun,174409,0,0,0,2,,,0,,,,,,Auckland Region,Nil,2-way,Sealed,,0,0,,50,,Null,1,0,,76,Auckland,Give way,,,,,0,0,Urban,0,,,Fine,Null;;;;;;;;;;
1407455,4917503,671120,,603602,0,,0,2,,Null,2007,ANZAC AVENUE,ALBANY ST,,Non-Injury Crash,No,2006,,East,,0,,Flat,,,,,,Bright sun,2869200,0,0,0,2,,,0,,,,,,Otago Region,Nil,2-way,Sealed,,0,0,,50,,Null,0,0,,71,Dunedin City,Give way,,,,,0,0,Urban,0,,,Fine,Null;;;;;;;;;;
1347698,4873790,671121,,607400,1,,0,1,,Null,2011,SH 1S,CENTENNIAL AVENUE,,Non-Injury Crash,Yes,2011,,East,,0,,Flat,,,,,,Bright sun,2994800,0,0,0,2,,,0,,,,,,Otago Region,Nil,2-way,Sealed,,0,0,,50,,Null,0,0,,72,Clutha District,Give way,,,,,0,0,Urban,0,,,Fine,Null;;;;;;;;;;
1753197,5933581,671122,,508804,0,0,0,1,0,Null,2017,SH 1N,GREVILLE OFF SBD,,Non-Injury Crash,Yes,2017,0,South,0,0,0,Hill Road,1,,0,,0,Overcast,180605,0,0,0,3,0,0,0,0,0,,0,0,Auckland Region,Nil,1-way,Sealed,0,0,0,0,100,0,Null,0,0,,76,Auckland,Nil,0,0,0,0,0,0,Open,0,0,0,Fine,Null;;;;;;;;;;
1768141,5899316,671123,,525102,0,,0,1,,East,2017,MAHIA ROAD,FRIEDLANDERS ROAD,,Minor Crash,No,2017,,East,,0,,Flat,,,,,,Bright sun,769200,1,0,1,2,,,0,,,,,,Auckland Region,Nil,2-way,Sealed,,0,0,,50,,Null,0,0,,76,Auckland,Unknown,,,,,0,0,Urban,0,,,Fine,Null;;;;;;;;;;
1685554,6103486,671124,,500900,0,,0,3,,West,2008,WAIPAPA ROAD,RAINBOW FALLS ROAD,,Non-Injury Crash,No,2007,,East,,0,,Flat,,,,,,Overcast,44605,0,0,0,2,,,0,,,,,,Northland Region,Nil,2-way,Sealed,,0,0,,80,,None,0,0,,1,Far North District,Nil,,,,,0,0,Open,0,,,Heavy rain,Null;;;;;;;;;;
1406926,4918399,671125,,603601,0,,0,2,,Null,2003,SH 1S,DUNDAS ST,,Non-Injury Crash,Yes,2003,,North,,0,,Flat,,,,,,Bright sun,2866000,0,0,0,4,,,0,,,,,,Otago Region,Nil,1-way,Sealed,,0,0,,50,,Null,0,0,,71,Dunedin City,Traffic Signals,,,,,0,0,Urban,0,,,Fine,Null;;;;;;;;;;
1776565,5477889,671126,,563920,0,,0,2,,East,2017,SH 1N,TE KOWHAI ROAD,,Non-Injury Crash,Yes,2016,,South,,0,,Flat,,,,,,Bright sun,1883903,0,0,0,3,,,0,,,,,,Wellington Region,Nil,2-way,Sealed,,0,0,,100,,Off,0,0,,43,Kapiti Coast District,Unknown,,,,,0,0,Open,0,,,Fine,Null;;;;;;;;;;
1923488,5737688,671127,,542700,0,0,0,1,0,North,2014,OREGON DRIVE,TOTARA ST,,Non-Injury Crash,No,2014,0,East,0,0,1,Flat,0,,0,,0,Dark,1326600,0,0,0,2,0,0,0,0,0,,0,0,Bay of Plenty Region,Nil,2-way,Sealed,0,0,0,0,50,0,On,0,0,,25,Whakatane District,Unknown,0,0,0,0,0,0,Urban,0,0,0,Fine,Null;;;;;;;;;;
1936841,5619367,671128,,545632,0,,0,0,,West,2015,SH 2,MARINE PARADE,,Non-Injury Crash,Yes,2014,,East,,0,,Flat,,,,,,Bright sun,1402700,0,0,0,2,,,0,,,,,,Hawke's Bay Region,Nil,2-way,Sealed,,0,0,,50,,Null,1,0,,31,Napier City,Give way,,,,,0,0,Urban,1,,,Fine,Null;;;;;;;;;;
1748019,5426671,671129,,573200,0,0,0,4,0,South,2018,OHIRO ROAD,MAARAMA CRESCENT,,Non-Injury Crash,No,2018,0,North,0,0,0,Hill Road,0,,0,,0,Bright sun,2158700,0,0,0,2,0,0,0,0,1,,0,0,Wellington Region,Nil,2-way,Sealed,0,0,0,0,50,0,Null,0,0,,47,Wellington City,Unknown,0,0,0,0,0,0,Urban,0,0,0,Fine,Null;;;;;;;;;;
1751459,5934526,671130,,508701,0,,0,2,,North,2017,GILLS ROAD,DAIRY FLAT HIGHWAY,,Non-Injury Crash,No,2016,,North,,0,,Hill Road,,,,,,Overcast,178409,0,0,0,1,,,0,,,,,,Auckland Region,Bridge,2-way,Sealed,,0,0,,50,,Null,0,0,,76,Auckland,Unknown,,,,,0,0,Urban,0,,,Light rain,Null;;;;;;;;;;
1566338,5178695,671131,,590300,1,,0,1,,Null,2015,MAGDALA PLACE,ANNEX ROAD,,Serious Crash,No,2014,,East,,0,,Flat,,,,,,Dark,2538601,0,0,0,2,,,0,,,,,,Canterbury Region,Nil,2-way,Sealed,,0,1,,50,,On,0,0,,60,Christchurch City,Give way,,,,,0,0,Urban,0,,,Light rain,Null;;;;;;;;;;
1884354,5824733,671132,,536831,0,0,0,2,0,South,2007,SH 2,EXETER ST,,Minor Crash,Yes,2007,0,North,0,0,0,Flat,0,,0,,0,Dark,1204403,2,0,0,4,0,0,0,0,0,,0,0,Bay of Plenty Region,Nil,2-way,Sealed,0,0,0,0,70,0,On,0,0,,23,Tauranga City,Unknown,0,0,0,1,0,0,Urban,0,0,0,Heavy rain,Null;;;;;;;;;;
1678171,6022754,671133,,504600,0,,0,2,,Null,2009,PARORE ST,RANFURLY ST,,Minor Crash,No,2009,,South,,0,,Hill Road,,,,,,Overcast,116000,1,0,0,2,,,0,,,,,,Northland Region,Nil,2-way,Sealed,,0,0,,50,,Off,0,0,,3,Kaipara District,Stop,,,,,0,0,Urban,0,,,Light rain,Null;;;;;;;;;;
1571291,5172119,671134,,591101,0,0,0,1,0,North,2019,DYERS PASS ROAD,SUMMIT ROAD,,Non-Injury Crash,No,2018,0,South,1,0,0,Hill Road,0,,0,,0,Twilight,2551607,0,0,0,2,0,0,0,0,0,,0,0,Canterbury Region,Nil,2-way,Sealed,0,0,0,0,60,0,None,0,0,,60,Christchurch City,Unknown,0,0,0,0,0,0,Urban,0,0,0,Fine,Null;;;;;;;;;;
1718899,6046070,671135,,503000,0,,0,2,,Null,2005,SH 1N,SELWYN AVENUE,,Non-Injury Crash,Yes,2004,,South,,0,,Flat,,,,,,Dark,98100,0,0,0,4,,,0,,,,,,Northland Region,Nil,2-way,Sealed,,0,0,,50,,On,0,0,,2,Whangarei District,Traffic Signals,,,,,0,0,Urban,0,,,Null,Null;;;;;;;;;;
1444537,5281888,671136,,585314,0,0,0,0,1,North,2009,SH 6,CHESTERFIELD ROAD,,Non-Injury Crash,Yes,2009,0,South,0,0,0,Flat,0,,0,,0,Dark,2422400,0,0,0,2,0,0,0,0,0,,0,0,West Coast Region,Nil,2-way,Sealed,0,0,0,0,100,0,None,1,0,,57,Westland District,Unknown,0,0,0,0,0,0,Open,0,0,0,Light rain,Null;;;;;;;;;;
1764382,5912241,671137,,520500,0,,0,3,,West,2002,MT WGTN OFF NBD,SH 1N,,Non-Injury Crash,Yes,2001,,West,,0,,Flat,,,,,,Bright sun,639500,0,0,0,6,,,0,,,,,,Auckland Region,Nil,2-way,Sealed,,0,0,,100,,Off,0,0,,76,Auckland,Nil,,,,,0,0,Open,0,,,Fine,Null;;;;;;;;;;
1771593.4678,5914994.646,671138,,521602,1,,0,1,,South,2019,HOWE STREET,JADEE COURT,,Minor Crash,No,2018,,South,,0,,Flat,,,,,,Bright sun,646900,1,0,0,2,,,0,,,,,,Auckland Region,Nil,2-way,Sealed,,0,0,,50,,Off,0,0,,76,Auckland,Unknown,,,,,0,0,Urban,0,,,Fine,Null;;;;;;;;;;
1246491.9587,4848710.4924,671139,,611500,0,0,0,1,1,Null,2019,CENTRE STREET,ROCKDALE ROAD,,Minor Crash,No,2018,0,East,0,0,1,Flat,0,,0,,0,Dark,3142200,1,0,0,2,0,0,0,0,0,,0,0,Southland Region,Nil,2-way,Sealed,0,0,0,0,50,0,On,0,0,,75,Invercargill City,Give way,0,0,0,0,0,0,Urban,0,0,0,Light rain,Null;;;;;;;;;;
1718598,6042734,671140,,503900,0,,0,1,,East,2000,REWA REWA ROAD,SH 1N,,Non-Injury Crash,No,2000,,East,,0,,Flat,,,,,,Bright sun,109104,0,0,0,2,,,0,,,,,,Northland Region,Nil,2-way,Sealed,,0,0,,50,,Off,0,0,,2,Whangarei District,Nil,,,,,0,0,Urban,1,,,Fine,Null;;;;;;;;;;
1753373,5916185,671141,,517903,0,,0,2,,South,2015,MOUNT ALBERT ROAD,ALBERTON AVENUE,,Non-Injury Crash,No,2015,,South,,0,,Flat,,,,,,Bright sun,522600,0,0,0,2,,,0,,,,,,Auckland Region,Nil,2-way,Sealed,,0,0,,50,,Null,0,0,,76,Auckland,Nil,,,,,0,0,Urban,0,,,Fine,Null;;;;;;;;;;
1765375,5904821,671142,,524603,0,,0,1,,Null,2009,PUHINUI ROAD,WALLACE ROAD,,Non-Injury Crash,No,2009,,West,,0,,Flat,,,,,,Dark,673600,0,0,0,2,,,0,,,,,,Auckland Region,Nil,2-way,Sealed,,0,0,,50,,On,0,0,,76,Auckland,Give way,,,,,1,0,Urban,0,,,Fine,Null;;;;;;;;;;
1635661,5286937,671143,55,585601,0,0,0,1,0,South,2000,SH 1S,LIMESTONE CRK CV,,Serious Crash,Yes,2000,0,North,0,0,1,Hill Road,0,,0,,0,Dark,2310800,1,0,0,2,0,0,0,0,0,,0,0,Canterbury Region,Nil,2-way,Sealed,0,0,2,0,100,0,None,0,0,,58,Hurunui District,Unknown,0,0,0,0,0,0,Open,0,0,0,Fine,Null;;;;;;;;;;
1751783,5424677,671144,,577200,0,0,0,1,0,Null,2014,MIRAMAR AVENUE,TAUHINU ROAD,,Minor Crash,No,2013,0,East,0,0,0,Flat,0,,0,,0,Bright sun,2206200,1,1,0,2,0,0,0,0,1,,0,0,Wellington Region,Nil,2-way,Sealed,0,0,0,0,50,0,Null,0,0,,47,Wellington City,Give way,0,0,0,0,0,0,Urban,0,0,0,Fine,Null;;;;;;;;;;
1793126,5500359,671145,,564220,0,,0,2,,South,2003,SH 1N,DURHAM ST,,Non-Injury Crash,Yes,2002,,South,,0,,Flat,,,,,,Bright sun,1870000,0,0,0,2,,,0,,,,,,Manawatu-Wanganui Region,Nil,2-way,Sealed,,0,0,,50,,Null,0,0,,42,Horowhenua District,Nil,,,,,0,0,Urban,0,,,Fine,Null;;;;;;;;;;
2025624,5712815,671146,,543800,0,0,0,1,0,North,2006,WHAREKOPAE ROAD,PATUTAHI ROAD,,Minor Crash,No,2006,0,North,1,0,0,Flat,1,,0,,0,Dark,1363402,1,0,0,2,0,0,0,0,0,,0,0,Gisborne Region,Nil,2-way,Sealed,0,0,0,0,100,0,None,0,0,,28,Gisborne District,Nil,0,0,0,0,0,0,Open,0,0,0,Fine,Null;;;;;;;;;;
1864705,5545444,671147,,550102,0,0,0,1,0,North,2018,SH 2,ROBERTSHAWE CRESCENT,,Non-Injury Crash,Yes,2018,0,North,0,0,0,Flat,1,,0,,0,Overcast,1531900,0,0,0,2,0,0,0,0,0,,0,0,Manawatu-Wanganui Region,Nil,2-way,Sealed,0,0,0,0,50,0,Null,0,0,,41,Tararua District,Unknown,0,0,0,0,0,0,Urban,0,0,0,Fine,Null;;;;;;;;;;
1675521,6021748,671148,,504501,0,0,0,1,0,West,2010,BAYLYS COAST ROAD,SH 12,,Non-Injury Crash,No,2009,0,West,0,0,0,Flat,0,,0,,0,Overcast,117600,0,0,0,2,0,0,0,0,0,,0,1,Northland Region,Nil,2-way,Sealed,0,0,0,0,100,0,Off,0,0,,3,Kaipara District,Nil,0,0,0,0,0,0,Open,0,0,0,Fine,Null;;;;;;;;;;
1664327,5412647,671149,,580447,0,0,0,1,0,South,2010,SH 6,CAMERONS ROAD,,Minor Crash,Yes,2010,0,South,1,0,1,Flat,0,Christmas New Year,0,,0,Bright sun,2286602,2,0,0,2,0,0,0,0,0,,0,0,Marlborough Region,Nil,2-way,Sealed,0,0,0,0,100,0,Null,0,0,,53,Marlborough District,Nil,0,0,0,0,0,0,Open,0,0,1,Fine,Null;;;;;;;;;;
1797977,5820372,671150,,528320,0,0,0,1,0,South,2012,TOTARA DRIVE,HOUHERE PLACE,,Minor Crash,No,2012,0,North,0,0,0,Hill Road,0,,0,,0,Dark,897505,1,0,0,2,0,0,0,0,0,,0,1,Waikato Region,Nil,2-way,Sealed,0,0,0,0,50,0,On,0,0,,16,Hamilton City,Unknown,0,0,0,1,0,0,Urban,0,0,0,Fine,Null;;;;;;;;;;
1576380,5186330,671151,,590603,0,0,0,4,0,East,2015,BROADHAVEN AVENUE,FOREST DRIVE,,Minor Crash,No,2015,0,West,0,0,0,Flat,0,,0,,0,Twilight,2504208,1,0,0,2,0,0,0,0,3,,0,0,Canterbury Region,Nil,2-way,Sealed,0,0,0,0,50,0,Off,0,0,,60,Christchurch City,Nil,0,0,0,0,0,0,Urban,0,0,0,Fine,Null;;;;;;;;;;
1566239,5180116,671152,,590100,0,,0,2,,East,2007,RICCARTON ROAD,BALGAY ST,,Minor Crash,No,2007,,East,,0,,Flat,,,,,,Overcast,2541300,1,0,0,2,,,0,,,,,,Canterbury Region,Nil,2-way,Sealed,,0,0,,50,,Null,0,0,,60,Christchurch City,Nil,,,,,0,0,Urban,0,,,Fine,Null;;;;;;;;;;
1947547,5667520,671153,55,545301,0,0,0,1,0,South,2002,SH 2,HALIBURTON ROAD,,Non-Injury Crash,Yes,2001,0,West,0,0,1,Hill Road,0,,0,,0,Overcast,1392800,0,0,0,2,0,1,0,0,0,,0,0,Hawke's Bay Region,Nil,2-way,Sealed,0,0,0,0,100,0,Null,0,0,,29,Wairoa District,Nil,0,0,0,0,0,0,Open,0,0,0,Fine,Null;;;;;;;;;;
1771710,5899059,671154,,523911,0,,0,1,,Null,2010,PORCHESTER ROAD,AIRFIELD ROAD,,Minor Crash,No,2009,,South,,0,,Flat,,,,,,Overcast,767302,1,0,0,2,,,0,,,,,,Auckland Region,Nil,2-way,Sealed,,0,0,,50,,Off,0,0,,76,Auckland,Give way,,,,,0,0,Urban,1,,,Light rain,Null;;;;;;;;;;
1761720,5438293,671155,,569402,0,,0,2,,South,2019,SH 2,MAJOR DRIVE,,Non-Injury Crash,Yes,2018,,North,,0,,Flat,,,,,,Overcast,1918000,0,0,0,3,,,0,,,,,,Wellington Region,Nil,1-way,Sealed,,0,0,,100,,Null,0,0,,46,Lower Hutt City,Unknown,,,,,0,0,Open,1,,,Fine,Null;;;;;;;;;;
1759267,5436001,671156,,569100,0,,0,2,,East,2017,FRASER ST,HIGH ST,,Non-Injury Crash,No,2017,,East,,0,,Flat,,,,,,Overcast,1967300,0,0,0,2,,,0,,,,,,Wellington Region,Nil,2-way,Sealed,,0,0,,50,,Null,0,0,,46,Lower Hutt City,Unknown,,,,,0,0,Urban,0,,,Fine,Null;;;;;;;;;;
1697217,5677297,671157,,551012,0,,0,1,,West,2018,KATERE ROAD,EGMONT ROAD,,Non-Injury Crash,No,2017,,East,,0,,Flat,,,,,,Bright sun,1559400,0,0,0,2,,,0,,,,,,Taranaki Region,Nil,2-way,Sealed,,0,0,,50,,Null,0,0,,33,New Plymouth District,Unknown,,,,,0,0,Urban,0,,,Fine,Frost;;;;;;;;;;
2037351,5708253,671158,,544600,0,,0,2,,West,2002,GLADSTONE ROAD,PEEL ST,,Non-Injury Crash,No,2001,,West,,0,,Flat,,Christmas New Year,,,,Bright sun,1371100,0,0,0,2,,,0,,,,,,Gisborne Region,Nil,2-way,Sealed,,0,0,,50,,Null,0,0,,28,Gisborne District,Nil,,,,,0,0,Urban,0,,,Fine,Null;;;;;;;;;;
1750463,5914502,671159,,511303,0,,0,2,,Null,2010,GREAT NORTH ROAD,PORTAGE ROAD,,Minor Crash,No,2010,,West,,0,,Flat,,,,,,Bright sun,266200,1,0,0,4,,,0,,,,,,Auckland Region,Nil,2-way,Sealed,,0,0,,50,,Off,0,0,,76,Auckland,Traffic Signals,,,,,0,0,Urban,0,,,Fine,Null;;;;;;;;;;
1818993,5527699,671160,,562910,0,0,0,1,0,Null,2018,MAXWELLS LINE,RUGBY ST,,Non-Injury Crash,No,2018,0,West,0,0,0,Flat,0,,0,,1,Dark,1799700,0,0,0,2,0,0,0,0,0,,0,0,Manawatu-Wanganui Region,Nil,2-way,Sealed,0,0,0,0,50,0,On,0,0,,40,Palmerston North City,Nil,0,0,0,0,0,0,Urban,0,0,0,Fine,Null;;;;;;;;;;
1822144,5532154,671161,,562100,0,,0,2,,Null,2004,MILSON LINE,FAIRS ROAD,,Non-Injury Crash,No,2003,,North,,0,,Flat,,,,,,Dark,1838202,0,0,0,2,,,0,,,,,,Manawatu-Wanganui Region,Nil,2-way,Sealed,,0,0,,50,,On,0,0,,40,Palmerston North City,Traffic Signals,,,,,0,0,Urban,0,,,Fine,Null;;;;;;;;;;
1782120,5926972,671162,,520801,0,,0,0,,Null,2013,JUNCTION ROAD,HILL ROAD,,Minor Crash,No,2013,,North,,0,,Flat,,Queens Birthday,,,,Bright sun,515002,1,1,0,2,,,0,,,,,,Auckland Region,Nil,2-way,Sealed,,0,0,,50,,Off,0,0,,76,Auckland,Give way,,,,,0,0,Urban,0,,,Fine,Null;;;;;;;;;;
1734882,5908001,671163,,513800,0,0,0,1,1,East,2013,PIHA ROAD,LONE KAURI ROAD,,Non-Injury Crash,No,2013,0,South,0,0,0,Hill Road,0,Easter,0,,0,Dark,282027,0,0,0,2,0,0,0,0,0,,0,0,Auckland Region,Nil,2-way,Sealed,0,0,0,0,100,0,None,0,0,,76,Auckland,Nil,0,0,0,0,0,0,Open,0,0,0,Fine,Null;;;;;;;;;;
1761089,5433260,671164,,568800,0,0,0,1,0,South,2006,WAINUIOMATA HILL ROAD,GRACEFIELD ROAD,,Non-Injury Crash,No,2005,0,South,0,0,0,Hill Road,1,,0,,0,Overcast,1980800,0,0,0,2,0,0,0,0,0,,0,0,Wellington Region,Nil,1-way,Sealed,0,0,0,0,80,0,Null,0,0,,46,Lower Hutt City,Nil,0,0,0,0,0,0,Open,0,0,0,Light rain,Null;;;;;;;;;;
1574251,5180651,671165,,593600,0,,0,3,,North,2017,KERRS ROAD,BUCKLEYS ROAD,,Non-Injury Crash,No,2016,,North,,0,,Flat,,,,,,Overcast,2613400,0,0,0,1,,,0,,,,,,Canterbury Region,Nil,1-way,Sealed,,0,0,,60,,Null,0,0,,60,Christchurch City,Unknown,,,,,0,0,Urban,0,,,Fine,Null;;;;;;;;;;
1758572,5455555,671166,,571800,0,,0,3,,South,2009,SH 1N,TAKUTAI ROAD,,Non-Injury Crash,Yes,2009,,South,,0,,Flat,,,,,,Bright sun,2065600,0,0,0,2,,,0,,,,,,Wellington Region,Nil,2-way,Sealed,,0,0,,50,,Null,0,0,,44,Porirua City,Nil,,,,,0,0,Urban,0,,,Fine,Null;;;;;;;;;;
1756615,5919324,671167,,514200,0,0,0,1,1,South,2010,SH 1N,HOBSON ON SBD,,Non-Injury Crash,Yes,2010,0,South,0,0,0,Flat,0,,0,,0,Dark,411900,0,0,0,3,0,0,0,0,0,,0,0,Auckland Region,Nil,1-way,Sealed,0,0,0,0,80,0,On,0,0,,76,Auckland,Nil,0,0,0,0,0,0,Open,0,0,0,Fine,Null;;;;;;;;;;
1755697,5926525,671168,,509701,0,,0,2,,Null,2001,OCEAN VIEW ROAD,LAKE ROAD,,Non-Injury Crash,No,2001,,East,,0,,Flat,,,,,,Overcast,361900,0,0,0,2,,,0,,,,,,Auckland Region,Nil,2-way,Sealed,,0,0,,50,,Off,0,0,,76,Auckland,Give way,,,,,0,0,Urban,0,,,Fine,Null;;;;;;;;;;
1801153,5814820,671169,,529700,0,,0,2,,East,2004,KNOX ST,ANGLESEA ST,,Non-Injury Crash,No,2003,,West,,0,,Flat,,,,,,Overcast,912200,0,0,0,2,,,0,,,,,,Waikato Region,Nil,2-way,Sealed,,0,0,,50,,Off,0,0,,16,Hamilton City,Nil,,,,,0,0,Urban,0,,,Light rain,Null;;;;;;;;;;
1929285,5605424,671170,,548200,0,0,0,1,0,Null,2007,CHARLES ST,EASTBOURNE ST WEST,,Non-Injury Crash,No,2007,0,East,0,0,0,Flat,0,,1,,0,Dark,1488800,0,0,0,2,0,0,0,0,0,,0,0,Hawke's Bay Region,Nil,2-way,Sealed,0,0,0,0,50,0,On,0,0,,30,Hastings District,Give way,0,0,0,0,0,0,Urban,0,0,0,Fine,Null;;;;;;;;;;
1926358,5779000,671171,,542600,0,0,0,1,0,East,2013,SH 34,FLETCHER AVENUE,,Serious Crash,Yes,2013,0,West,0,0,0,Flat,0,Christmas New Year,0,,0,Dark,1314100,0,0,0,2,0,0,0,0,0,,0,0,Bay of Plenty Region,Nil,2-way,Sealed,0,0,1,0,100,0,None,0,0,,26,Kawerau District,Unknown,0,0,0,1,0,0,Open,0,0,0,Fine,Null;;;;;;;;;;
1793398,5515570,671172,,561500,0,0,0,0,0,North,2017,SH 1N,NEWTH ROAD,,Non-Injury Crash,Yes,2017,0,South,0,0,1,Flat,0,,0,,0,Overcast,1785302,0,0,0,2,0,0,0,0,0,,0,0,Manawatu-Wanganui Region,Nil,2-way,Sealed,0,0,0,0,100,0,Null,1,0,,42,Horowhenua District,Unknown,0,0,0,0,0,0,Open,0,0,0,Fine,Null;;;;;;;;;;
1764121,5879567,671173,,521121,0,,0,2,,West,2010,UNION ROAD,PATUMAHOE ROAD,,Minor Crash,No,2009,,West,,0,,Flat,,,,,,Overcast,812100,1,0,0,2,,,0,,,,,,Auckland Region,Nil,2-way,Sealed,,0,0,,100,,Off,0,0,,76,Auckland,Nil,,,,,0,0,Open,0,,,Fine,Null;;;;;;;;;;
1832636,5537285,671174,,560200,0,,0,0,,East,2004,GROVE ROAD,HARRISONS ROAD,,Minor Crash,No,2004,,South,,0,,Flat,,Queens Birthday,,,,Bright sun,1758402,1,0,0,2,,,0,,,,,,Manawatu-Wanganui Region,Nil,2-way,Sealed,,0,0,,100,,Null,0,0,,40,Palmerston North City,Nil,,,,,1,0,Open,0,,,Fine,Null;;;;;;;;;;
1937246,5638415,671175,,545811,0,,0,0,,North,2001,SH 2,PAKURATAHI VALLEY ROAD,,Non-Injury Crash,Yes,2000,,North,,0,,Flat,,,,,,Bright sun,1415600,0,0,0,2,,,0,,,,,,Hawke's Bay Region,Nil,2-way,Sealed,,0,0,,100,,Null,0,0,,30,Hastings District,Nil,,,,,0,0,Open,1,,,Fine,Null;;;;;;;;;;
1747914.4913,5426951.4146,671176,,573200,0,,0,1,,Null,2019,ARO STREET,DEVON STREET,,Non-Injury Crash,No,2019,,West,,0,,Flat,,,,,,Twilight,2158800,0,1,0,2,,,0,,,,,,Wellington Region,Nil,2-way,Sealed,,0,0,,50,,On,0,0,,47,Wellington City,Stop,,,,,0,0,Urban,0,,,Fine,Null;;;;;;;;;;
1600078,5447471,671177,,584301,1,,0,1,,West,2005,KING EDWARD ST,SH 60,,Minor Crash,No,2004,,West,,0,,Flat,,,,,,Bright sun,2379600,1,0,0,2,,,0,,,,,,Tasman Region,Nil,2-way,Sealed,,0,0,,50,,Null,0,0,,51,Tasman District,Nil,,,,,0,0,Urban,0,,,Fine,Null;;;;;;;;;;
1243155,4849949,671178,,611210,0,,0,2,,Null,2007,SPEY ST,JED ST,,Minor Crash,No,2006,,South,,0,,Flat,,,,,,Overcast,3107400,2,0,0,2,,,0,,,,,,Southland Region,Nil,2-way,Sealed,,0,0,,50,,Null,0,0,,75,Invercargill City,Give way,,,,,0,0,Urban,0,,,Fine,Null;;;;;;;;;;
1793050,5500472,671179,,564220,0,0,0,1,0,West,2011,DURHAM ST,SERVICE LANE,,Minor Crash,No,2010,0,West,0,0,0,Flat,0,Labour Weekend,0,,0,Twilight,1870000,1,0,0,2,0,0,0,0,1,,0,0,Manawatu-Wanganui Region,Nil,2-way,Sealed,0,0,0,0,50,0,Off,0,0,,42,Horowhenua District,Nil,0,0,0,0,0,0,Urban,1,0,0,Fine,Null;;;;;;;;;;
1751043,5917998,671180,,514801,0,,0,1,,West,2011,SH 16,WATERVIEW ON WBD,,Non-Injury Crash,Yes,2010,,West,,0,,Flat,,,,,,Overcast,390402,0,0,0,3,,,0,,,,,,Auckland Region,Nil,2-way,Sealed,,0,0,,100,,Off,1,0,,76,Auckland,Nil,,,,,0,0,Open,0,,,Light rain,Null;;;;;;;;;;
1755278,5914199,671181,,518803,0,,0,2,,Null,2003,MOUNT ALBERT ROAD,WINSTONE ROAD,,Non-Injury Crash,No,2002,,West,,0,,Flat,,,,,,Bright sun,580700,0,0,0,2,,,0,,,,,,Auckland Region,Nil,2-way,Sealed,,0,0,,50,,Off,0,0,,76,Auckland,Give way,,,,,0,0,Urban,0,,,Fine,Null;;;;;;;;;;
1770673,5576783,671182,,555800,0,,0,2,,Null,2010,MOSSTON ROAD,TONGARIRO ST,,Non-Injury Crash,No,2010,,North,,0,,Flat,,,,,,Bright sun,1714900,0,0,0,2,,,0,,,,,,Manawatu-Wanganui Region,Nil,2-way,Sealed,,0,0,,50,,Null,0,0,,37,Whanganui District,Give way,,,,,0,0,Urban,0,,,Fine,Null;;;;;;;;;;
1405937,4916000,671183,,602900,0,,0,2,,Null,2004,HOPE ST,PRINCES ST,,Non-Injury Crash,No,2004,,South,,0,,Flat,,,,,,Overcast,2895700,0,0,0,2,,,0,,,,,,Otago Region,Nil,2-way,Sealed,,0,0,,50,,Null,0,0,,71,Dunedin City,Give way,,,,,0,0,Urban,0,,,Light rain,Null;;;;;;;;;;
1812296,5876303,671184,,533901,0,,0,2,,Null,2004,SH 25,CANAL WEST ROAD,,Non-Injury Crash,Yes,2004,,West,,0,,Flat,,,,,,Dark,1069000,0,0,0,2,,,0,,,,,,Waikato Region,Nil,2-way,Sealed,,0,0,,70,,On,0,0,,12,Hauraki District,Stop,,,,,0,0,Urban,0,,,Fine,Null;;;;;;;;;;
1710714,5644954,671185,,553101,0,0,0,0,0,Null,2012,SH 43,SERVICE LANE,,Non-Injury Crash,Yes,2012,0,East,0,0,0,Flat,0,,0,,0,Bright sun,1616000,0,0,0,1,0,0,0,0,0,,0,1,Taranaki Region,Nil,1-way,Sealed,0,0,0,0,50,0,Null,1,0,,34,Stratford District,Give way,0,0,0,0,0,0,Urban,0,0,0,Fine,Null;;;;;;;;;;
1754960,5918287,671186,,517500,0,,0,2,,East,2014,SH 16,ST LUKES OFF WBD,,Non-Injury Crash,Yes,2013,,West,,0,,Flat,,,,,,Bright sun,529900,0,0,0,4,,,0,,,,,,Auckland Region,Nil,1-way,Sealed,,0,0,,100,,Off,0,0,,76,Auckland,Nil,,,,,0,0,Open,0,,,Fine,Null;;;;;;;;;;
1370190.384,5103257.058,671187,,600323,0,,0,0,,Null,2019,008-0146,SH 80,,Non-Injury Crash,Yes,2018,,North,,0,,Flat,,,,,,Bright sun,2814400,0,0,0,2,,,0,,,,,,Canterbury Region,Nil,2-way,Sealed,,0,0,,100,,Null,0,0,,65,Mackenzie District,Give way,,,,,0,0,Open,2,,,Fine,Null;;;;;;;;;;
1868653,5717836,671188,,541312,0,,0,1,,South,2010,WAIRAKEI DRIVE,HUKA FALLS ROAD N,,Serious Crash,No,2010,,South,,0,,Flat,,,,,,Dark,1278700,0,0,0,2,,,0,,,,,,Waikato Region,Nil,2-way,Sealed,,0,1,,100,,None,0,0,,21,Taupo District,Unknown,,,,,1,0,Open,0,,,Fine,Null;;;;;;;;;;
1758210,5916139,671189,,515801,0,,0,2,,Null,2012,MANUKAU ROAD,CAMPBELL CRESCENT N,,Minor Crash,No,2012,,South,,0,,Flat,,,,,,Overcast,446300,1,0,0,4,,,0,,,,,,Auckland Region,Nil,2-way,Sealed,,0,0,,50,,Off,0,0,,76,Auckland,Nil,,,,,0,0,Urban,0,,,Light rain,Null;;;;;;;;;;
1727697,5924089,671190,,506655,0,0,0,1,0,North,2011,COAST ROAD,MOTUTARA ROAD,,Non-Injury Crash,No,2011,0,North,0,0,1,Flat,0,,0,,0,Bright sun,218801,0,0,0,1,0,0,0,0,0,,0,0,Auckland Region,Nil,2-way,Unsealed,0,0,0,0,50,0,None,0,0,,76,Auckland,Nil,0,0,0,0,0,0,Urban,0,0,0,Fine,Null;;;;;;;;;;
2063294,5742351,671191,,544001,0,0,0,1,0,North,2018,SH 35,KAIAUA ROAD,,Non-Injury Crash,Yes,2017,0,North,0,0,1,Flat,0,,0,,0,Dark,1355400,0,0,0,2,0,0,0,0,0,,0,0,Gisborne Region,Nil,2-way,Sealed,0,0,0,0,100,0,None,0,0,,28,Gisborne District,Unknown,0,0,0,0,0,0,Open,0,0,0,Fine,Null;;;;;;;;;;
1653834,5309261,671192,,581500,0,,0,2,,Null,2017,MOUNT FYFFE ROAD,SCHOOLHOUSE ROAD,,Minor Crash,No,2016,,West,,0,,Flat,,,,,,Dark,2313800,1,0,0,2,,,0,,,,,,Canterbury Region,Nil,2-way,Sealed,,0,0,,70,,None,0,0,,54,Kaikoura District,Give way,,,,,0,0,Urban,0,,,Fine,Null;;;;;;;;;;
1771741,5894515,671193,,525530,0,0,0,2,0,South,2002,SH 1N,PAPAKURA ON SBD,,Non-Injury Crash,Yes,2002,0,South,0,0,0,Flat,1,,0,,0,Dark,805400,0,0,0,3,0,0,0,0,0,,0,0,Auckland Region,Nil,1-way,Sealed,0,0,0,0,100,0,On,0,0,,76,Auckland,Nil,0,0,0,0,0,0,Open,0,0,0,Fine,Null;;;;;;;;;;
1884528,5769613,671194,,538722,0,0,0,1,0,Null,2006,SH 5,WAIPA MILL ROAD,,Non-Injury Crash,Yes,2005,0,North,1,0,0,Flat,0,,0,,0,Overcast,1258000,0,0,0,2,0,0,0,0,0,,0,0,Bay of Plenty Region,Nil,2-way,Sealed,0,0,0,0,100,0,Null,0,0,,24,Rotorua District,Stop,0,0,0,1,0,0,Open,0,0,0,Heavy rain,Null;;;;;;;;;;
1603991,5245379,671195,,585700,0,0,0,1,0,North,2007,SH 1S,DAVAAR ROAD,,Minor Crash,Yes,2007,0,North,0,0,1,Flat,0,,0,,0,Bright sun,2434800,1,0,0,2,0,0,0,0,0,,0,0,Canterbury Region,Nil,2-way,Sealed,0,0,0,0,100,0,Null,0,0,,58,Hurunui District,Unknown,0,0,0,1,0,0,Open,0,0,0,Fine,Null;;;;;;;;;;
1719588,6047350,671196,,502700,0,0,0,1,0,Null,2013,KAMO ROAD,WRACK ST,,Non-Injury Crash,No,2013,0,South,0,0,1,Flat,0,,0,,0,Dark,91800,0,0,0,2,0,0,0,0,0,,0,0,Northland Region,Nil,2-way,Sealed,0,0,0,0,50,0,On,0,0,,2,Whangarei District,Stop,0,0,0,0,0,0,Urban,0,0,0,Fine,Null;;;;;;;;;;
1571132,5178319,671197,,594600,0,,0,1,,Null,2004,SH 76 BROUGHAM,BURLINGTON ST,,Non-Injury Crash,Yes,2003,,West,,0,,Flat,,,,,,Bright sun,2619300,0,0,0,3,,,0,,,,,,Canterbury Region,Nil,2-way,Sealed,,0,0,,50,,Null,0,0,,60,Christchurch City,Traffic Signals,,,,,0,0,Urban,1,,,Fine,Null;;;;;;;;;;
1616376,5423731,671198,,584201,0,,0,2,,West,2017,SALISBURY ROAD,ARBOR-LEA AVENUE,,Minor Crash,No,2017,,East,,0,,Flat,,,,,,Overcast,2363101,1,0,0,2,,,0,,,,,,Tasman Region,Nil,2-way,Sealed,,0,0,,50,,Off,0,0,,51,Tasman District,Unknown,,,,,0,0,Urban,1,,,Fine,Null;;;;;;;;;;
1765085,5910268,671199,,521803,0,,0,2,,West,2011,PRINCES ST,FRANK GREY PLACE,,Non-Injury Crash,No,2010,,East,,0,,Flat,,,,,,Bright sun,790500,0,0,0,2,,,0,,,,,,Auckland Region,Nil,1-way,Sealed,,0,0,,50,,Off,0,0,,76,Auckland,Nil,,,,,0,0,Urban,0,,,Fine,Null;;;;;;;;;;
1758216,5913472,671200,,519710,1,,0,1,,North,2017,MANUKAU ROAD,MOUNT ALBERT ROAD,,Minor Crash,No,2017,,East,,0,,Hill Road,,,,,,Overcast,594701,1,0,0,2,,,0,,,,,,Auckland Region,Nil,2-way,Sealed,,0,0,,50,,Null,0,0,,76,Auckland,Unknown,,,,,0,0,Urban,0,,,Fine,Null;;;;;;;;;;
1753911,5925528,671201,,508610,0,0,0,1,1,Null,2005,GLENFIELD ROAD,PUPUKE ROAD,,Minor Crash,No,2005,0,West,0,0,0,Hill Road,0,,0,,0,Dark,207200,1,0,0,2,0,0,0,0,0,,0,0,Auckland Region,Nil,2-way,Sealed,0,0,0,0,50,0,On,0,0,,76,Auckland,Traffic Signals,0,0,0,0,0,0,Urban,0,0,0,Fine,Null;;;;;;;;;;
1883092,5774229,671202,,539400,0,,0,3,,East,2018,SUNSET ROAD,MOUNT VIEW DRIVE,,Non-Injury Crash,No,2017,,East,,0,,Flat,,,,,,Bright sun,1225300,0,0,0,2,,,0,,,,,,Bay of Plenty Region,Nil,2-way,Sealed,,0,0,,50,,Null,0,0,,24,Rotorua District,Unknown,,,,,0,0,Urban,0,,,Fine,Null;;;;;;;;;;
1755422.9638,5932755.1185,671203,,508805,1,,0,1,,Null,2020,EAST COAST ROAD,TUDOR PLACE,,Minor Crash,No,2020,,South,,0,,Hill Road,,,,,,Bright sun,153200,1,0,0,4,,,0,,,,,,Auckland Region,Nil,2-way,Sealed,,0,0,,50,,Off,0,0,,76,Auckland,Nil,,,,,0,0,Urban,0,,,Fine,Null;;;;;;;;;;
2036796,5708833,671204,,544600,0,,0,2,,Null,2013,GLADSTONE ROAD,CARNARVON ST,,Non-Injury Crash,No,2012,,North,,0,,Flat,,,,,,Overcast,1373900,0,0,0,2,,,0,,,,,,Gisborne Region,Nil,2-way,Sealed,,0,0,,50,,Null,0,0,,28,Gisborne District,Give way,,,,,0,0,Urban,0,,,Light rain,Null;;;;;;;;;;
1568201,5185351,671205,,588200,0,,0,3,,West,2017,NORTHCOTE ROAD,RAIL XING,,Non-Injury Crash,No,2016,,West,,0,,Flat,,,,,,Overcast,2512000,0,0,0,2,,,0,,,,,,Canterbury Region,Nil,2-way,Sealed,,0,0,,50,,Null,1,0,,60,Christchurch City,Unknown,,,,,0,0,Urban,0,,,Fine,Null;;;;;;;;;;
1561956,5176733,671206,,587702,0,,0,2,,Null,2016,SPRINGS ROAD,SH 76,,Non-Injury Crash,Yes,2015,,South,,0,,Flat,,,,,,Bright sun,2481603,0,0,0,2,,,0,,,,,,Canterbury Region,Nil,2-way,Sealed,,0,0,,70,,Null,0,0,,60,Christchurch City,Give way,,,,,0,0,Urban,0,,,Fine,Null;;;;;;;;;;
1755051,5931475,671207,,508520,0,,0,2,,West,2001,SUNSET ROAD,JUNIPER ROAD,,Non-Injury Crash,No,2001,,East,,0,,Hill Road,,,,,,Bright sun,191901,0,0,0,2,,,0,,,,,,Auckland Region,Nil,2-way,Sealed,,0,0,,50,,Off,0,0,,76,Auckland,Nil,,,,,0,0,Urban,0,,,Fine,Null;;;;;;;;;;
1798826,5556940,671208,,559230,0,0,0,0,0,West,2016,SH 3,NEUMANS LINE,,Non-Injury Crash,Yes,2016,0,West,0,0,0,Flat,0,,0,,0,Dark,1733300,0,0,0,3,0,0,0,0,0,,0,0,Manawatu-Wanganui Region,Nil,2-way,Sealed,0,0,0,0,100,0,None,0,0,,38,Rangitikei District,Unknown,0,0,0,0,1,0,Open,0,0,0,Light rain,Strong wind;;;;;;;;;;
1287583,4887553,671209,,610220,0,,0,1,,Null,2010,SH 1S,HAMILTON ST,,Minor Crash,Yes,2009,,North,,0,,Flat,,,,,,Dark,3065200,1,0,0,2,,,0,,,,,,Southland Region,Nil,2-way,Sealed,,0,0,,50,,On,0,0,,74,Gore District,Stop,,,,,0,0,Urban,1,,,Fine,Null;;;;;;;;;;
1919949,5644739,671210,,545811,0,,0,1,,South,2016,SH 5,OLD TAUPO COACH ROAD,,Non-Injury Crash,Yes,2015,,South,,0,,Hill Road,,,,,,Dark,1414700,0,0,0,2,,,0,,,,,,Hawke's Bay Region,Nil,2-way,Sealed,,0,0,,100,,None,0,0,,30,Hastings District,Nil,,,,,0,0,Open,0,,,Fine,Null;;;;;;;;;;
1751402,5424463,671211,,577000,0,0,0,1,0,Null,2011,SH 1N COBHAM,CALABAR ROAD,,Non-Injury Crash,Yes,2011,0,West,0,0,0,Flat,0,,0,,0,Overcast,2175700,0,0,0,2,0,0,0,0,0,,0,1,Wellington Region,Nil,1-way,Sealed,0,0,0,0,70,0,Null,0,0,,47,Wellington City,Give way,0,0,0,0,0,0,Urban,0,0,0,Fine,Null;;;;;;;;;;
1756971,5920074,671212,,514102,0,,0,2,,South,2003,VINCENT ST,MAYORAL DRIVE,,Non-Injury Crash,No,2002,,North,,0,,Hill Road,,,,,,Bright sun,434701,0,0,0,5,,,0,,,,,,Auckland Region,Nil,2-way,Sealed,,0,0,,50,,Off,0,0,,76,Auckland,Nil,,,,,0,0,Urban,0,,,Fine,Null;;;;;;;;;;
1699893,6093882,671213,,501100,0,,0,2,,North,2007,SH 11,TOHITAPU ROAD,,Non-Injury Crash,Yes,2007,,South,,0,,Hill Road,,,,,,Dark,54802,0,0,0,2,,,0,,,,,,Northland Region,Nil,2-way,Sealed,,0,0,,100,,On,0,0,,1,Far North District,Nil,,,,,0,0,Open,0,,,Heavy rain,Null;;;;;;;;;;
1755669,5935500,671214,,507101,0,0,0,2,0,North,2015,BEACH ROAD,BUTE ROAD,,Non-Injury Crash,No,2014,0,North,0,0,0,Hill Road,0,,0,,0,Overcast,162400,0,0,0,2,0,0,0,0,1,,0,0,Auckland Region,Nil,2-way,Sealed,0,0,0,0,50,0,Null,1,0,,76,Auckland,Unknown,0,0,0,0,0,0,Urban,0,0,0,Fine,Null;;;;;;;;;;
1789823,5828440,671215,,528200,0,,0,2,,Null,2012,ELLERY ST,GREAT SOUTH ROAD,,Non-Injury Crash,No,2012,,East,,0,,Flat,,,,,,Overcast,857800,0,0,0,2,,,0,,,,,,Waikato Region,Nil,2-way,Sealed,,0,0,,50,,Null,0,0,,13,Waikato District,Give way,,,,,0,0,Urban,0,,,Fine,Null;;;;;;;;;;
1674552,5632954,671216,,553200,0,0,0,1,0,North,2019,IHAIA ROAD,WHITCOMBE ROAD,,Non-Injury Crash,No,2018,0,North,0,0,1,Flat,0,,0,,1,Overcast,1629701,0,0,0,2,0,0,0,0,0,,0,0,Taranaki Region,Nil,2-way,Sealed,0,0,0,0,50,0,Null,0,0,,35,South Taranaki District,Unknown,0,0,0,0,0,0,Urban,0,0,0,Fine,Null;;;;;;;;;;
1572573,5184768,671217,,590506,0,0,0,1,0,Null,2003,SH 74,MARSHLAND ROAD,,Non-Injury Crash,Yes,2002,0,East,0,0,0,Flat,0,,0,,0,Bright sun,2507000,0,0,0,2,0,0,0,0,0,,0,0,Canterbury Region,Nil,2-way,Sealed,0,0,0,0,80,0,Null,0,0,,60,Christchurch City,Give way,0,0,0,1,0,0,Open,0,0,0,Fine,Null;;;;;;;;;;
1763751,5909805,671218,,521901,0,,0,2,,Null,2007,STATION ROAD,MASON AVENUE,,Non-Injury Crash,No,2006,,West,,0,,Flat,,,,,,Overcast,782600,0,0,0,2,,,0,,,,,,Auckland Region,Nil,2-way,Sealed,,0,0,,50,,Off,0,0,,76,Auckland,Stop,,,,,0,0,Urban,0,,,Light rain,Null;;;;;;;;;;
1677818,6021118,671219,,504600,0,,0,2,,Null,2005,SH 12 MURDOCH,LOGAN ST,,Non-Injury Crash,Yes,2004,,East,,0,,Flat,,Christmas New Year,,,,Overcast,116900,0,0,0,2,,,0,,,,,,Northland Region,Nil,2-way,Sealed,,0,0,,50,,Off,0,0,,3,Kaipara District,Stop,,,,,0,0,Urban,0,,,Fine,Null;;;;;;;;;;
1870668,5822604,671220,,536620,0,,0,0,,West,2005,MINDEN ROAD,SH 2,,Non-Injury Crash,No,2004,,East,,0,,Flat,,,,,,Bright sun,1189702,0,0,0,2,,,0,,,,,,Bay of Plenty Region,Nil,2-way,Sealed,,0,0,,100,,None,0,0,,22,Western Bay of Plenty District,Nil,,,,,0,0,Open,1,,,Fine,Null;;;;;;;;;;
1757957,5918008,671221,,515700,0,,0,2,,West,2002,GILLIES ON NBD,SH 1N,,Non-Injury Crash,Yes,2002,,East,,0,,Flat,,,,,,Bright sun,443700,0,0,0,1,,,0,,,,,,Auckland Region,Motorway ramp,1-way,Sealed,,0,0,,50,,Off,0,0,,76,Auckland,Nil,,,,,0,0,Urban,1,,,Fine,Null;;;;;;;;;;
1803152,5828338,671222,75,527122,0,0,0,1,1,South,2007,SH 1B,COLLEGE DRIVE,,Non-Injury Crash,Yes,2007,0,South,0,0,0,Flat,0,,0,,0,Dark,953700,0,0,0,2,0,0,0,0,0,,0,0,Waikato Region,Nil,2-way,Sealed,0,0,0,0,100,0,On,0,0,,13,Waikato District,Nil,0,0,0,0,0,0,Open,0,0,0,Light rain,Null;;;;;;;;;;
1826793,5737704,671223,,531304,0,,0,1,,South,2019,SH 30,TAUPO BDY,,Non-Injury Crash,Yes,2018,,North,,0,,Hill Road,,,,,,Overcast,1004102,0,0,0,2,,,0,,,,,,Waikato Region,Nil,2-way,Sealed,,0,0,,100,,Null,0,0,,18,Otorohanga District,Unknown,,,,,0,0,Open,0,,,Fine,Null;;;;;;;;;;
1784136,5487820,671224,,564022,0,0,0,1,0,South,2009,SH 1N,FOREST LAKES ROAD,,Minor Crash,Yes,2009,0,North,0,0,1,Flat,0,Christmas New Year,0,,0,Overcast,1882800,2,0,0,2,0,0,0,0,0,,0,0,Wellington Region,Nil,2-way,Sealed,0,0,0,0,100,0,Null,0,0,,43,Kapiti Coast District,Nil,0,0,0,0,0,0,Open,0,0,0,Fine,Null;;;;;;;;;;
1759828,5912260,671225,,520000,0,,0,3,,Null,2018,ALFRED ST,CHURCH ST,,Non-Injury Crash,No,2017,,North,,0,,Flat,,,,,,Overcast,606800,0,0,0,2,,,0,,,,,,Auckland Region,Nil,2-way,Sealed,,0,0,,50,,Null,0,0,,76,Auckland,Stop,,,,,0,0,Urban,0,,,Fine,Null;;;;;;;;;;
1753967,5926856,671226,,508610,0,,0,2,,Null,2014,CORONATION ROAD,ARCHERS ROAD,,Non-Injury Crash,No,2013,,East,,0,,Hill Road,,Christmas New Year,,,,Overcast,205201,0,0,0,2,,,0,,,,,,Auckland Region,Nil,2-way,Sealed,,0,0,,50,,Off,0,0,,76,Auckland,Stop,,,,,0,0,Urban,0,,,Fine,Null;;;;;;;;;;
1623063,5430371,671227,,582700,0,,0,0,,Null,2012,VANGUARD ST,PARERE ST,,Non-Injury Crash,No,2011,,South,,0,,Flat,,,,,,Bright sun,2332000,0,0,0,2,,,0,,,,,,Nelson Region,Nil,2-way,Sealed,,0,0,,50,,Null,0,0,,52,Nelson City,Give way,,,,,1,0,Urban,1,,,Fine,Null;;;;;;;;;;
1748435,5427249,671228,,573000,0,0,0,2,0,South,2007,WILLIS ST,GHUZNEE ST,,Non-Injury Crash,No,2007,0,North,0,0,0,Flat,0,,0,,0,Dark,2129700,0,0,0,3,0,0,0,0,0,,0,0,Wellington Region,Nil,2-way,Sealed,0,0,0,0,50,0,On,0,0,,47,Wellington City,Traffic Signals,0,0,0,0,0,0,Urban,0,1,0,Fine,Null;;;;;;;;;;
1823773,5463356,671229,,578600,0,,0,0,,South,2014,SH 2,COLE ST,,Minor Crash,Yes,2014,,East,,0,,Flat,,Easter,,,,Overcast,2242500,1,1,0,2,,,0,,,,,,Wellington Region,Nil,2-way,Sealed,,0,0,,50,,Null,1,0,,48,Masterton District,Unknown,,,,,0,0,Urban,0,,,Heavy rain,Null;;;;;;;;;;
1822181.0535,5529507.9684,671230,,562800,0,,0,2,,Null,2020,PRINCESS STREET,CHURCH STREET,,Serious Crash,No,2020,,North,,0,,Hill Road,,,,,,Overcast,1829800,2,0,0,4,,,0,,,,,,Manawatu-Wanganui Region,Nil,2-way,Sealed,,0,1,,50,,Off,0,0,,40,Palmerston North City,Traffic Signals,,,,,0,0,Urban,0,,,Fine,Null;;;;;;;;;;
1896064,5795338,671231,,536654,0,0,0,1,0,South,2009,SH 33,ALLPORT ROAD,,Non-Injury Crash,Yes,2009,0,North,0,0,0,Hill Road,0,,0,,0,Bright sun,1212400,0,0,0,2,0,0,0,0,0,,0,0,Bay of Plenty Region,Nil,2-way,Sealed,0,0,0,0,100,0,Null,0,0,,22,Western Bay of Plenty District,Unknown,0,1,0,0,0,0,Open,0,0,0,Fine,Null;;;;;;;;;;
1903555,5566311,671232,,549500,0,,1,1,,Null,2011,PORANGAHAU ROAD,WALLACE ROAD,,Non-Injury Crash,No,2010,,North,,0,,Flat,,,,,,Overcast,1521600,0,0,0,2,,,0,,,,,,Hawke's Bay Region,Nil,2-way,Sealed,,1,0,,50,,Null,0,0,,32,Central Hawke's Bay District,Stop,,,,,0,0,Urban,0,,,Heavy rain,Null;;;;;;;;;;
1701867,6005151,671233,,505010,0,,0,2,,North,2017,OVENS ROAD,OPARAKAU ROAD,,Non-Injury Crash,No,2017,,South,,0,,Flat,,,,,,Dark,128500,0,0,0,1,,,0,,,,,,Northland Region,Bridge,2-way,Unsealed,,0,0,,100,,None,0,0,,3,Kaipara District,Unknown,,,,,0,0,Open,0,,,Fine,Null;;;;;;;;;;
1750140,5916291,671234,,514802,0,,0,1,,Null,2007,ROSEBANK ROAD,AVONDALE ROAD,,Non-Injury Crash,No,2006,,North,,0,,Flat,,,,,,Overcast,389800,0,0,0,4,,,0,,,,,,Auckland Region,Nil,2-way,Sealed,,0,0,,50,,Off,0,0,,76,Auckland,Traffic Signals,,,,,0,0,Urban,1,,,Fine,Null;;;;;;;;;;
1803071,5903009,671235,,525202,0,0,0,1,1,North,2017,EAST COAST ROAD,PUKEKERERU LANE,,Minor Crash,No,2017,0,North,0,0,0,Flat,0,,0,,0,Twilight,840601,1,0,0,2,0,0,0,0,0,,0,0,Auckland Region,Nil,2-way,Sealed,0,0,0,0,100,0,None,0,0,,76,Auckland,Unknown,0,0,0,0,0,0,Open,0,0,0,Fine,Null;;;;;;;;;;
1956503.8552,5786121.211,671236,85,542562,0,,0,1,,South,2019,WAINUI ROAD,BURMA ROAD,,Non-Injury Crash,No,2019,,South,,0,,Hill Road,,,,,,Bright sun,1296702,0,0,0,2,,,0,,,,,,Bay of Plenty Region,Nil,2-way,Sealed,,0,0,,100,,None,0,0,,25,Whakatane District,Unknown,,,,,0,0,Open,0,,,Fine,Null;;;;;;;;;;
1880367,5819756,671237,,538301,0,,0,2,,Null,2001,RIDGEMOUNT TERRACE,MEADOWVIEWS DRIVE,,Non-Injury Crash,No,2000,,East,,0,,Hill Road,,,,,,Bright sun,1179901,0,0,0,2,,,0,,,,,,Bay of Plenty Region,Nil,2-way,Sealed,,0,0,,50,,Off,0,0,,23,Tauranga City,Nil,,,,,0,0,Urban,0,,,Fine,Null;;;;;;;;;;
1765847,5441890,671238,,569600,0,,0,4,,South,2016,SH 2,HAYWARDS OFF SBD,,Non-Injury Crash,Yes,2015,,West,,0,,Flat,,,,,,Dark,1917000,0,0,0,4,,,0,,,,,,Wellington Region,Nil,2-way,Sealed,,0,0,,100,,None,0,0,,46,Lower Hutt City,Unknown,,,,,0,0,Open,1,,,Mist or Fog,Null;;;;;;;;;;
1801311,5813194,671239,35,530400,0,0,0,1,1,South,2014,SH 1N,COBHAM DRIVE,,Non-Injury Crash,Yes,2014,0,South,0,0,0,Flat,0,Easter,0,,0,Overcast,922300,0,0,0,2,0,0,0,0,0,,0,0,Waikato Region,Nil,2-way,Sealed,0,0,0,0,80,0,Off,0,0,,16,Hamilton City,Nil,0,0,0,0,0,0,Open,0,0,0,Light rain,Null;;;;;;;;;;
1763950,5912271,671240,,520500,0,,0,1,,Null,2008,MOUNT WELLINGTON HIGHWAY,SYLVIA PARK ROAD,,Non-Injury Crash,No,2007,,North,,0,,Hill Road,,Labour Weekend,,,,Bright sun,639500,0,0,0,6,,,0,,,,,,Auckland Region,Nil,2-way,Sealed,,0,0,,50,,Off,1,0,,76,Auckland,Traffic Signals,,,,,0,0,Urban,0,,,Fine,Null;;;;;;;;;;
1936343,5599879,671241,,545851,0,0,0,2,0,South,2017,WAIMARAMA ROAD,MCLEAN ROAD,,Serious Crash,No,2016,0,North,0,0,0,Flat,0,,0,,0,Dark,1467002,1,0,0,2,0,0,0,0,0,,0,0,Hawke's Bay Region,Nil,2-way,Sealed,0,0,1,0,80,0,None,0,0,,30,Hastings District,Unknown,0,0,0,2,0,0,Open,0,0,0,Fine,Null;;;;;;;;;;
1934742,5615922,671242,,545631,0,0,0,1,0,North,2018,WILLOWBANK AVENUE,MEEANEE ROAD,,Non-Injury Crash,No,2018,0,South,0,0,1,Flat,0,,0,,0,Dark,1403500,0,0,0,2,0,0,0,0,0,,0,0,Hawke's Bay Region,Nil,2-way,Sealed,0,0,0,0,100,0,None,0,0,,31,Napier City,Unknown,0,0,0,0,0,0,Open,0,0,0,Fine,Null;;;;;;;;;;
1756787,5932408,671243,,507500,0,,0,1,,Null,2016,BEACH ROAD,KOWHAI ROAD,,Minor Crash,No,2015,,West,,0,,Hill Road,,,,,,Bright sun,149200,1,0,1,2,,,0,,,,,,Auckland Region,Nil,2-way,Sealed,,0,0,,50,,Off,0,0,,76,Auckland,Stop,,,,,0,0,Urban,0,,,Fine,Null;;;;;;;;;;
1935798,5622691,671244,,546200,0,,0,3,,North,2006,AHURIRI BYPASS,SH 50,,Non-Injury Crash,Yes,2006,,West,,0,,Flat,,,,,,Dark,1417900,0,0,0,2,,,0,,,,,,Hawke's Bay Region,Nil,2-way,Sealed,,0,0,,50,,On,0,0,,31,Napier City,Nil,,,,,0,0,Urban,0,,,Fine,Null;;;;;;;;;;
1803314,5815959,671245,,530500,0,0,0,0,0,South,2010,NOTTINGHAM DRIVE,RUAKURA ROAD,,Non-Injury Crash,No,2009,0,South,0,0,0,Flat,0,,0,,0,Dark,889401,0,0,0,2,0,0,0,0,0,,0,1,Waikato Region,Nil,2-way,Sealed,0,0,0,0,50,0,On,0,0,,16,Hamilton City,Unknown,0,0,0,0,0,0,Urban,1,0,0,Fine,Null;;;;;;;;;;
1763900.6154,5914808.2477,671246,,520303,0,0,0,3,0,North,2020,BARRACK RD,BANKS ROAD,,Non-Injury Crash,No,2019,0,East,0,0,0,Flat,0,,0,,0,Dark,626901,0,0,0,2,0,0,0,0,2,,0,0,Auckland Region,Nil,2-way,Sealed,0,0,0,0,50,0,On,0,0,,76,Auckland,Unknown,0,0,0,0,0,0,Urban,0,0,0,Light rain,Null;;;;;;;;;;
1623265,5429804,671247,,582800,0,,0,2,,North,2015,WAIMEA ROAD,VAN DIEMEN ST,,Minor Crash,No,2014,,South,,0,,Flat,,,,,,Overcast,2322400,1,0,0,2,,,0,,,,,,Nelson Region,Nil,2-way,Sealed,,0,0,,50,,Off,0,0,,52,Nelson City,Nil,,,,,0,0,Urban,0,,,Light rain,Null;;;;;;;;;;
1766846,5912717,671248,,522920,0,,0,2,,Null,2006,TI RAKAU DRIVE,MATTSON ROAD S,,Non-Injury Crash,No,2006,,North,,0,,Flat,,,,,,Bright sun,686800,0,0,0,2,,,0,,,,,,Auckland Region,Nil,2-way,Sealed,,0,0,,50,,Off,0,0,,76,Auckland,Traffic Signals,,,,,0,0,Urban,0,,,Fine,Null;;;;;;;;;;
1464070,5300267,671249,50,584930,0,0,0,1,0,South,2010,ARNOLD VALLEY ROAD,SH 7,,Non-Injury Crash,No,2010,0,South,1,0,0,Flat,0,,0,,0,Dark,2403800,0,0,0,2,0,0,0,0,0,,0,0,West Coast Region,Nil,2-way,Sealed,0,0,0,0,70,0,None,0,0,,56,Grey District,Unknown,0,0,0,0,0,0,Urban,0,0,0,Fine,Null;;;;;;;;;;
1623789,5431141,671250,,582500,0,,0,2,,South,2001,TRAFALGAR ST,HALIFAX ST,,Non-Injury Crash,No,2000,,South,,0,,Flat,,,,,,Overcast,2319500,0,0,0,2,,,0,,,,,,Nelson Region,Nil,2-way,Sealed,,0,0,,50,,Null,0,0,,52,Nelson City,Nil,,,,,0,0,Urban,0,,,Fine,Null;;;;;;;;;;
1570481,5180157,671251,,591500,0,0,1,1,0,West,2005,WORCESTER ST,CATHEDRAL SQUARE WEST,,Non-Injury Crash,No,2004,0,East,0,0,0,Flat,0,,0,,0,Overcast,2651000,0,0,0,2,0,0,0,0,1,,0,0,Canterbury Region,Nil,2-way,Sealed,0,0,0,0,50,0,Null,0,0,,60,Christchurch City,Unknown,0,0,0,0,0,0,Urban,0,0,0,Light rain,Null;;;;;;;;;;
1456987,5072136,671252,,598314,0,,0,2,,North,2015,SH 1S,SANDS ROAD,,Non-Injury Crash,Yes,2015,,South,,0,,Flat,,,,,,Bright sun,2776500,0,0,0,2,,,0,,,,,,Canterbury Region,Nil,2-way,Sealed,,0,0,,100,,Null,0,0,,64,Timaru District,Unknown,,,,,0,0,Open,0,,,Fine,Null;;;;;;;;;;
1752428,5425200,671253,,577301,0,,0,0,,South,2011,PARK ROAD,MIRAMAR NORTH ROAD,,Non-Injury Crash,No,2010,,North,,0,,Flat,,,,,,Bright sun,2203800,0,0,0,2,,,0,,,,,,Wellington Region,Nil,2-way,Sealed,,0,0,,50,,Null,0,0,,47,Wellington City,Nil,,,,,0,0,Urban,2,,,Fine,Null;;;;;;;;;;
1755658,5918703,671254,,515500,0,,0,2,,Null,2003,GREAT NORTH ROAD,KING ST,,Non-Injury Crash,No,2003,,West,,0,,Flat,,,,,,Bright sun,418100,0,0,0,4,,,0,,,,,,Auckland Region,Nil,2-way,Sealed,,0,0,,50,,Off,0,0,,76,Auckland,Give way,,,,,0,0,Urban,0,,,Fine,Null;;;;;;;;;;
1654902,5401747,671255,,580450,0,,0,1,,East,2011,SH 63,BLACK VALLEY CULV,,Non-Injury Crash,Yes,2011,,East,,0,,Flat,,,,,,Bright sun,2287001,0,0,0,2,,,0,,,,,,Marlborough Region,Nil,2-way,Sealed,,0,0,,100,,Null,0,0,,53,Marlborough District,Nil,,,,,0,0,Open,0,,,Fine,Null;;;;;;;;;;
1876820,5821171,671256,,537500,0,,0,1,,Null,2009,CAMERON ROAD,MUNRO ST,,Minor Crash,No,2008,,South,,0,,Flat,,,,,,Bright sun,1171600,1,0,1,2,,,0,,,,,,Bay of Plenty Region,Nil,2-way,Sealed,,0,0,,50,,Off,1,0,,23,Tauranga City,Give way,,,,,0,0,Urban,0,,,Fine,Null;;;;;;;;;;
1499084,5137824,671257,,597820,0,,0,3,,West,2001,KERMODE ST WEST,SH 1S,,Non-Injury Crash,No,2000,,South,,0,,Flat,,,,,,Overcast,2739100,0,0,0,2,,,0,,,,,,Canterbury Region,Nil,2-way,Sealed,,0,0,,50,,Null,0,0,,63,Ashburton District,Unknown,,,,,0,0,Urban,0,,,Fine,Null;;;;;;;;;;
1819930,5545349,671258,,560412,1,,0,0,,Null,2008,PHARAZYN ST,SHERWILL ST EAST,,Serious Crash,No,2007,,North,,0,,Flat,,,,,,Overcast,1761803,0,0,0,2,,,0,,,,,,Manawatu-Wanganui Region,Nil,2-way,Sealed,,0,1,,50,,Null,0,0,,39,Manawatu District,Nil,,,,,0,0,Urban,1,,,Fine,Null;;;;;;;;;;
1756716,5919078,671259,,514200,0,0,0,2,0,Null,2009,DACRE ST,FRANCE ST SOUTH,,Non-Injury Crash,No,2009,0,East,0,0,0,Hill Road,0,,0,,0,Overcast,412600,0,0,0,2,0,0,0,0,0,,0,0,Auckland Region,Nil,2-way,Sealed,0,0,0,0,50,0,None,0,0,,76,Auckland,Nil,0,0,0,0,0,0,Urban,0,1,0,Fine,Null;;;;;;;;;;
1762571,5437010,671260,,568501,0,0,0,2,0,South,2007,OXFORD TERRACE,LINCOLN AVENUE,,Non-Injury Crash,No,2006,0,North,0,0,0,Flat,0,,0,,0,Dark,1947400,0,0,0,2,0,0,0,0,1,,0,0,Wellington Region,Nil,2-way,Sealed,0,0,0,0,50,0,On,0,0,,46,Lower Hutt City,Nil,0,0,0,0,0,0,Urban,0,0,0,Heavy rain,Null;;;;;;;;;;
1694196,5674208,671261,,552500,0,0,0,0,0,Null,2009,UPJOHN ST,TARAHUA ROAD,,Non-Injury Crash,No,2008,0,North,0,0,0,Flat,0,,0,,0,Overcast,1569200,0,0,0,2,0,0,0,0,0,,0,1,Taranaki Region,Nil,2-way,Sealed,0,0,0,0,50,0,Null,1,0,,33,New Plymouth District,Give way,0,0,0,0,0,0,Urban,0,0,0,Light rain,Null;;;;;;;;;;
1759404,5842775,671262,,526701,0,,0,1,,East,2012,WAIKARETU VALLEY ROAD,PUKEREWA ROAD,,Minor Crash,No,2012,,East,,0,,Flat,,,,,,Dark,849001,2,0,0,2,,,0,,,,,,Waikato Region,Nil,2-way,Sealed,,0,0,,100,,None,0,0,,13,Waikato District,Nil,,,,,0,0,Open,0,,,Fine,Null;;;;;;;;;;
1770916,5898568,671263,,523912,0,0,0,1,0,South,2009,TAKANINI ROAD,TAKA ST,,Non-Injury Crash,No,2009,0,North,0,0,1,Flat,0,,0,,0,Overcast,767600,0,0,0,2,0,0,0,0,0,,0,0,Auckland Region,Nil,2-way,Sealed,0,0,0,0,50,0,Off,0,0,,76,Auckland,Nil,0,0,0,0,0,0,Urban,0,0,0,Heavy rain,Null;;;;;;;;;;
1258129,5004912,671264,,609304,0,0,0,1,0,South,2012,ROBINS ROAD,HAMILTON ROAD,,Non-Injury Crash,No,2012,0,South,0,0,0,Flat,0,,0,,0,Bright sun,3038225,0,0,0,2,0,0,0,0,1,,0,0,Otago Region,Nil,2-way,Sealed,0,0,0,0,50,0,Null,1,0,,70,Queenstown-Lakes District,Unknown,0,0,0,0,0,0,Urban,0,0,0,Fine,Null;;;;;;;;;;
1755213,5931603,671265,,508520,0,,0,1,,Null,2010,SUNSET ROAD,LAVERY PLACE,,Non-Injury Crash,No,2009,,North,,0,,Flat,,,,,,Bright sun,189703,0,0,0,2,,,0,,,,,,Auckland Region,Nil,2-way,Sealed,,0,0,,50,,Off,2,0,,76,Auckland,Nil,,,,,0,0,Urban,0,,,Fine,Null;;;;;;;;;;
1686751,6101868,671266,,500900,0,0,0,2,0,North,2016,KERIKERI ROAD,HAWKINGS CRESCENT,,Minor Crash,No,2016,0,North,0,0,0,Flat,0,,0,,0,Dark,53200,2,0,0,2,0,0,0,0,0,,0,0,Northland Region,Nil,2-way,Sealed,0,0,0,0,50,0,None,0,0,,1,Far North District,Nil,0,1,0,0,0,0,Urban,0,1,0,Light rain,Null;;;;;;;;;;
1570388,5181270,671267,,591700,0,,0,2,,Null,2001,BEALEY AVENUE,DURHAM ST,,Non-Injury Crash,No,2001,,West,,0,,Flat,,,,,,Overcast,2654300,0,0,0,8,,,0,,,,,,Canterbury Region,Nil,2-way,Sealed,,0,0,,50,,Null,0,0,,60,Christchurch City,Traffic Signals,,,,,0,0,Urban,0,,,Fine,Null;;;;;;;;;;
1761231,5914637,671268,,520202,0,,0,4,,North,2001,SH 1N,PENROSE OFF SBD,,Non-Injury Crash,Yes,2001,,South,,0,,Flat,,,,,,Overcast,612100,0,0,0,3,,,0,,,,,,Auckland Region,Nil,1-way,Sealed,,0,0,,100,,Off,0,0,,76,Auckland,Nil,,,,,0,0,Open,0,,,Fine,Null;;;;;;;;;;
1654269,5305953,671269,,581500,0,0,0,1,0,West,2007,LUDSTONE ROAD,MOUNT FYFFE ROAD,,Non-Injury Crash,No,2006,0,East,0,0,1,Flat,0,,0,,0,Dark,2313600,0,0,0,2,0,0,0,0,0,,0,0,Canterbury Region,Nil,2-way,Sealed,0,0,0,0,100,0,None,0,0,,54,Kaikoura District,Unknown,0,0,0,0,0,0,Open,0,0,0,Fine,Null;;;;;;;;;;
1795680,5693753,671270,,532902,0,0,0,1,0,Null,2004,SH 4,RIVER ROAD,,Non-Injury Crash,Yes,2003,0,West,0,0,0,Flat,0,,0,,0,Dark,1036700,0,0,0,2,0,0,0,0,0,,0,0,Manawatu-Wanganui Region,Bridge,2-way,Sealed,0,0,0,0,50,0,On,0,0,,36,Ruapehu District,Nil,1,0,0,0,0,0,Urban,0,0,0,Fine,Null;;;;;;;;;;
1753981,5929363,671271,,508420,0,,0,2,,Null,2006,WAIRAU ROAD,ELLICE ROAD,,Non-Injury Crash,No,2005,,South,,0,,Flat,,,,,,Bright sun,183100,0,0,0,2,,,0,,,,,,Auckland Region,Nil,2-way,Sealed,,0,0,,50,,Off,0,0,,76,Auckland,Give way,,,,,0,0,Urban,0,,,Fine,Null;;;;;;;;;;
1749998,5425913,671272,,576800,0,,0,4,,East,2002,SH 1N,EAST PORTAL,,Non-Injury Crash,Yes,2002,,West,,0,,Flat,,,,,,Bright sun,2181800,0,0,0,2,,,0,,,,,,Wellington Region,Nil,2-way,Sealed,,0,0,,50,,Null,0,0,,47,Wellington City,Nil,,,,,0,0,Urban,0,,,Fine,Null;;;;;;;;;;
1719632,6045737,671273,,503100,0,,0,2,,Null,2004,ROBERT ST,JOHN ST,,Non-Injury Crash,No,2004,,North,,0,,Flat,,,,,,Dark,99902,0,0,0,2,,,0,,,,,,Northland Region,Nil,2-way,Sealed,,0,0,,50,,On,0,0,,2,Whangarei District,Give way,,,,,0,0,Urban,0,,,Fine,Null;;;;;;;;;;
1770307,5901504,671274,,523814,0,,0,2,,North,2014,SARALEE DRIVE,ALFRISTON ROAD,,Non-Injury Crash,No,2013,,South,,0,,Flat,,,,,,Dark,759518,0,0,0,1,,,0,,,,,,Auckland Region,Nil,2-way,Sealed,,0,0,,50,,On,0,0,,76,Auckland,Nil,,,,,0,0,Urban,0,,,Fine,Null;;;;;;;;;;
1746049,5918832,671275,,512401,0,,0,1,,South,2008,VODANOVICH ROAD,COLETTA LANE,,Serious Crash,No,2008,,North,,0,,Flat,,,,,,Bright sun,255300,0,0,0,2,,,0,,,1,,,Auckland Region,Nil,2-way,Sealed,,0,1,,50,,Off,0,0,,76,Auckland,Nil,,,,,0,0,Urban,0,,,Fine,Null;;;;;;;;;;
1634620,6082424,671276,,500801,0,,0,0,,North,2013,KOWHITIKARU ROAD,WEST COAST ROAD,,Serious Crash,No,2013,,East,,0,,Flat,,,,,,Overcast,30700,1,0,0,2,,,0,,,,,,Northland Region,Nil,2-way,Unsealed,,0,2,,100,,None,1,0,,1,Far North District,Nil,,,,,0,0,Open,0,,,Fine,Null;;;;;;;;;;
1767112,5904210,671277,,524604,0,,0,0,,East,2005,PUTNEY WAY,DAVIES AVENUE,,Minor Crash,No,2005,,West,,0,,Flat,,,,,,Overcast,780204,1,0,0,2,,,0,,,1,,,Auckland Region,Nil,2-way,Sealed,,0,0,,50,,Off,0,0,,76,Auckland,Nil,,,,,0,0,Urban,1,,,Light rain,Null;;;;;;;;;;
1882042,5780439,671278,,538601,0,,0,0,,West,2012,TAUI ST,WIKARAKA ST,,Serious Crash,No,2011,,East,,0,,Flat,,Christmas New Year,,,,Dark,1247100,0,0,0,2,,,0,,,1,,,Bay of Plenty Region,Nil,2-way,Sealed,,0,1,,50,,On,0,0,,24,Rotorua District,Unknown,,,,,0,0,Urban,1,,,Fine,Null;;;;;;;;;;
1719356,6047178,671279,,502800,0,0,0,1,0,South,2007,LUPTON AVENUE,WRACK ST,,Minor Crash,No,2007,0,South,0,0,0,Flat,0,,0,,0,Dark,95800,5,0,0,2,0,0,0,0,0,,0,1,Northland Region,Nil,2-way,Sealed,0,0,0,0,50,0,On,0,0,,2,Whangarei District,Nil,0,0,0,0,0,0,Urban,0,0,0,Fine,Null;;;;;;;;;;
1770399,5912328,671280,,523105,1,,0,1,,Null,2008,BOTANY ROAD,MILLHOUSE DRIVE,,Minor Crash,No,2007,,South,,0,,Flat,,,,,,Bright sun,711139,1,0,0,4,,,0,,,,,,Auckland Region,Nil,2-way,Sealed,,0,0,,70,,Off,0,0,,76,Auckland,Traffic Signals,,,,,0,0,Urban,0,,,Fine,Null;;;;;;;;;;
1695692,5676962,671281,,552100,0,,0,2,,Null,2006,SH 3,DEVON ST EAST,,Non-Injury Crash,Yes,2006,,East,,0,,Flat,,,,,,Overcast,1600500,0,0,0,2,,,0,,,,,,Taranaki Region,Nil,2-way,Sealed,,0,0,,50,,Null,0,0,,33,New Plymouth District,Give way,,,,,0,0,Urban,0,,,Fine,Null;;;;;;;;;;
1756760,5919874,671282,,514102,0,,0,2,,Null,2003,HOBSON ST,PITT ST,,Minor Crash,No,2002,,South,,0,,Flat,,,,,,Dark,434802,2,0,0,4,,,0,,,,,,Auckland Region,Nil,1-way,Sealed,,0,0,,50,,On,0,1,,76,Auckland,Traffic Signals,,,,,0,0,Urban,0,,,Fine,Null;;;;;;;;;;
1564627,5179695,671283,,587701,0,,0,3,,West,2004,MAIN SOUTH ROAD,COLMAN AVENUE,,Non-Injury Crash,No,2004,,East,,0,,Flat,,,,,,Overcast,2478300,0,0,0,2,,,0,,,,,,Canterbury Region,Nil,2-way,Sealed,,0,0,,50,,Null,0,0,,60,Christchurch City,Give way,,,,,0,0,Urban,0,,,Light rain,Null;;;;;;;;;;
1757774,5927158,671284,,508010,0,,0,1,,Null,2009,ANZAC ST,AUBURN ST,,Serious Crash,No,2009,,South,,0,,Flat,,,,,,Bright sun,327500,1,0,0,5,,,0,,,,,,Auckland Region,Nil,2-way,Sealed,,0,1,,50,,Off,1,0,,76,Auckland,Traffic Signals,,,,,0,0,Urban,0,,,Fine,Null;;;;;;;;;;
1879131,5824185,671285,,538201,0,,0,1,,North,2003,CAMERON ROAD,ELIZABETH ST E,,Non-Injury Crash,No,2002,,South,,0,,Flat,,,,,,Bright sun,1165800,0,0,0,5,,,0,,,,,,Bay of Plenty Region,Nil,2-way,Sealed,,0,0,,50,,Off,0,0,,23,Tauranga City,Traffic Signals,,,,,0,0,Urban,1,,,Fine,Null;;;;;;;;;;
1753287.4136,5914233.1477,671286,,514500,0,,1,1,,Null,2019,MAIORO ST,RICHARDSON ROAD,,Non-Injury Crash,No,2018,,South,,0,,Flat,,,,,,Overcast,376800,0,0,0,3,,,0,,,,,,Auckland Region,Nil,2-way,Sealed,,0,0,,50,,Off,0,0,,76,Auckland,Unknown,,,,,0,0,Urban,0,,,Fine,Null;;;;;;;;;;
1753273,5933085,671287,,508701,0,,0,2,,Null,2004,ALBANY EXPRESSWAY,TAWA DRIVE,,Non-Injury Crash,No,2003,,North,,0,,Flat,,Labour Weekend,,,,Bright sun,178900,0,0,0,2,,,0,,,,,,Auckland Region,Nil,1-way,Sealed,,0,0,,50,,Off,0,0,,76,Auckland,Give way,,,,,0,0,Urban,0,,,Fine,Null;;;;;;;;;;
1440154,5004394,671288,,601030,0,,0,1,,Null,2007,EDEN ST,REED ST,,Non-Injury Crash,No,2007,,East,,0,,Hill Road,,,,,,Bright sun,2841200,0,0,0,2,,,0,,,,,,Otago Region,Nil,2-way,Sealed,,0,0,,50,,Null,0,0,,68,Waitaki District,Stop,,,,,0,0,Urban,1,,,Fine,Null;;;;;;;;;;
